1	4	4	3254	93510	8098800	QOkYfjUsgKU2hLog.jpg	QbOybCDZiBJ8drbM.jpg	zZ8BRb9UZwz2YK5L.jpg	ULmbctyR8WhJFBpK.jpg
2	4	3.5	3328	91901	13140000	RSxvH2we0tE0ZBKG.jpg	37AZEeHbSRFlxTVS.jpg	jX0l82B5IBI8NNkE.jpg	pRunbE5mgZgPnTlM.jpg
3	2	2.5	960	92276	1620000	ooO6PWTMDYZrsSGM.jpg	BKGFvZlyFZasCzEb.jpg	sTBe1fNMijAE9Ajz.jpg	7qNF3WoLKT9T6ZqZ.jpg
4	4	3.5	5050	95220	19200000	hNZJdouylXcVjMcj.jpg	DmhYTein93h9EsR5.jpg	doDWpRSOYdp7S9r0.jpg	U5MZKXhT4bYuE9bJ.jpg
5	3	2.5	2490	93510	5400000	iM2IcIcZCxWpTOTK.jpg	McZ1SvbDW9EVGOoP.jpg	YAKVllozzf64PdJW.jpg	G7FOVEct49XAzyuO.jpg
6	4	3	3000	92880	6358800	3jUQL2HNGmTZ59vy.jpg	Zf0AKXxPu00Us02W.jpg	2Uilrmswk8382bIB.jpg	9h6nI2X4NleRC0y9.jpg
7	4	3	2650	92880	6358800	facbZk1xT9q3Z6cB.jpg	lZO2drUIPMqEnt9f.jpg	QPUatfxfSjWJSgZZ.jpg	D6bFbbWEwTpQ8ox6.jpg
8	3	2	1736	96019	2878800	EIuwnJzvyOnTwZcO.jpg	7XQ1M6EVamZqqFgp.jpg	cUpy81Q9lQnAIPHS.jpg	Ifkrxtp2sgSHGWlu.jpg
9	3	3	2100	92692	8402400	tw1F4vPFFEZTcaSs.jpg	c5qJ0lKqjDl8VAnz.jpg	FWQ72vR2Y91IJMyQ.jpg	ZSFH97StnWNWsYi7.jpg
10	3	2	1397	92276	2982000	R1hmLzHyA8E4G77E.jpg	TQzcFn9WuqqUcMER.jpg	UY4sKg8VTS4wtWHm.jpg	R46DYGVK8fiIgL3F.jpg
11	5	3	3267	81524	7151988	SemosWK1jl3A2J6j.jpg	W5U8s4AHfZb6aARl.jpg	88M7sYGTfaPPl5mv.jpg	aGZapzlGlK8FItVK.jpg
12	3	2.5	1339	93446	4138800	JMulCR8JRg4b05KJ.jpg	IJ7RFrdEJjbRTAZN.jpg	FUB5BxQZv12Olh7L.jpg	99A962WUE9H2PFXp.jpg
13	3	2.5	1915	92021	5820000	K8si8ipoLBkGjRSf.jpg	E4bUnMNOobTkn2ug.jpg	HZtrnItX9jgpsm2B.jpg	s9WRsgwYSwLMWUYd.jpg
14	2	1.5	1056	92276	958800	LBb9Fq68uRuX9OYK.jpg	a4r8FUEPTywH29tX.jpg	bjDc0KqxBqwK5Sat.jpg	J7dRUka3UQrgyi3F.jpg
15	3	2.5	1665	94501	10500000	NxqPC86TGIBF3q1y.jpg	RELdfyiYT9MTM9Pn.jpg	9x7RcOeaix7kpK4d.jpg	mHkpAGktBFghx89Y.jpg
16	4	4	3260	85377	11988000	ezArQx2sCHTdabeE.jpg	nPXYpBkNscjgj037.jpg	3tM66TvyxbiYHGUo.jpg	Bgp5SKIy3Y9yrNRo.jpg
17	2	1	805	94501	7500000	KeamUnjsE9xBlKuk.jpg	mtTyvpq1T8LSscJh.jpg	9CaY2DbqIPoviCoU.jpg	BJaEpaJtyLRost48.jpg
18	4	3.5	3428	85255	12468000	mMIllj5d6tXXMzzv.jpg	Q0yRsLolhWvNn1kA.jpg	PcYO9Je09Z1DrdQt.jpg	9QPpP1fKtmtHqc2T.jpg
19	3	2	1478	92276	2638800	PIH9StY2tUPF4CXz.jpg	aK7hKul8zIbpcUGN.jpg	4wSX6FV8FaLbmPxw.jpg	mZ5bN4ao3PghElK6.jpg
20	6	4	3492	94501	17940000	LCsanrgKN3PIFxrP.jpg	hvyIimKhMR5Vk2KH.jpg	OxiSh6milcyTZx1o.jpg	yqMQiArMbc5jZe1f.jpg
21	4	3.5	3029	91901	9900000	Hp7jDERdAxuCcgHE.jpg	PSkU87TJf0HL4JVf.jpg	0FlqtxAJhS3yvDA7.jpg	sK1mlmYiljtL4fKZ.jpg
22	3	3	2367	92880	6348000	pncOfhqpctdOTv39.jpg	iRSO4N7C0K94Ae7A.jpg	sBiy7DxBnqTUysAp.jpg	EFihcSYnbwGuaSxk.jpg
23	3	2	1734	93510	3180000	4ZThPS7veYTEunKx.jpg	zLsj16RVSHGGJClK.jpg	KhTmcNNa19cH7uqT.jpg	FIlSpY0zFMyHRBsU.jpg
24	4	2.5	3316	60046	3478800	cQJaTiVTYunjw8Tr.jpg	RMkJfIG13bv0pA9F.jpg	FWUDQQi3tcdpyDha.jpg	qNLsVcmqzTbtapFK.jpg
25	3	2	1806	92276	2148000	9O4iPBiPjdIY8gVZ.jpg	Z5LHmDSkRsvl16RH.jpg	MuYpPUvmyOiIm07u.jpg	EX9MJzh1Ya1Rn525.jpg
26	5	3	3054	92543	3418800	16Omk14HKgfuA8ik.jpg	VUvh4mLtQNEuWhoo.jpg	1Rq4S41FmqUhwHZn.jpg	VE0Pw407jQqaSxGR.jpg
27	3	3	2390	93446	9228000	IcQQzzcMfEEOmTTD.jpg	t6IBgEIO66KWDG1Q.jpg	xCrXMTHV95G02mzn.jpg	niHv2afJ1wj7pEjc.jpg
28	3	2	1939	93446	6900000	0SNDs9LIcMBFKbT0.jpg	WWvKEmjMowfTpzk3.jpg	QHLjfRZGCEvNWC91.jpg	kDqK3G2kvGNIKw7h.jpg
29	4	3	2851	62234	2238000	oCY4N1IeOzJ9Lmel.jpg	i8922j6OGCpq4RJH.jpg	Zvaa0FVDv4YeLXqD.jpg	DtEtGSfeKTsUEEer.jpg
30	2	2	1056	93446	2158800	TuSvuQ7RZn5OM0oY.jpg	yE4YBsSd5oR1TEJG.jpg	UJyRnX9vvgPj7Ddo.jpg	RZe2No9TChqz2zg0.jpg
31	3	2	2198	93446	7500000	TDhFKiEDW1rGoi9L.jpg	2ufCL765Knb2WFFy.jpg	AGTcwsOfPo9MTIt6.jpg	Vpe0ZGOKvtBeNTcC.jpg
32	4	2.5	6000	92677	10428000	EdI4dBr3T0AkMJn6.jpg	PAWx1tiGqmIyY5P2.jpg	gl8fQCMHKUx0zVku.jpg	XPKFQpCudt4bPF0y.jpg
33	3	2	1236	93510	2652000	33otNCN2YHFMTbDK.jpg	48koH8odOeeAjDsN.jpg	0lApoNcwU6nXAXxm.jpg	A8MqgeZsWMAduOG0.jpg
34	2	2	1056	92276	822000	wETanNBjCLEwAYty.jpg	PgcMsEsjst941zho.jpg	EMV901GJwtJNKtBY.jpg	Hhv7uKD71uBJgeBG.jpg
35	3	2	2288	62214	2352000	2fQeJqAwIP4cTzAp.jpg	VOrq28ctpgXa6mi0.jpg	n3DLIpJqDQ73fOUX.jpg	r5YOL580qUFAAF8p.jpg
36	3	2	1052	94531	2340000	bjm1dKTVaJT7DZef.jpg	lNydejXUzulB7YCk.jpg	h6oZioNzKZJLCRXp.jpg	7o5NFtRZvw5FALhO.jpg
37	5	4	2809	92880	7630800	wBDMgSSJMY3YUMCV.jpg	QrJS4zVGRKvV4DGa.jpg	gSohIno4bX8qgws5.jpg	w9uwjiEJcKk5B9VC.jpg
38	3	3.5	4289	91901	14340000	Rx51nVUKf0Weanrl.jpg	hB9mzQpwcB11HEiY.jpg	HRRJoFQKJE5FTZa7.jpg	Rl5WG4hDgiwfZLpA.jpg
39	4	2	2957	81524	8398800	x0CrYkoKEpEMjcs4.jpg	ocbJxFKSaaQfCIP2.jpg	znMV7xtP3rX3qFdW.jpg	EswHCsMRxqCjBiGL.jpg
40	5	5	4406	85266	8400000	6E0Z877LvhDRwS2r.jpg	AJbehUIV3OLePZPr.jpg	6B6TjTx6elQTKcKM.jpg	uqZbdWjMQ7hJBgmh.jpg
41	4	2	2250	93314	3720000	cPaHSpzLRnOSlj1A.jpg	4yl0aZEIFD5mmH3A.jpg	MPDu9FfNoY7q7k8K.jpg	tQ3qS07yyULc3jtu.jpg
42	4	3.5	3101	93446	10740000	j8C5rCWHEMhpc1XV.jpg	Lr6jKKOiFvDDPX18.jpg	KMsjQSOVzsK5PvcR.jpg	cWgt4LQxSBvw6dP2.jpg
43	4	2.5	3115	93446	7548000	A2JbVsSgprKluq7E.jpg	iZPULjuPNQZWXjj6.jpg	rtuQxHvbnhBRdSce.jpg	VDhDAJlb0qWVzVMM.jpg
44	3	2	2691	93510	8100000	g7NL4Gdv0vUVaWdi.jpg	0DDMt7UV7nqBsR8L.jpg	3odo3txDMgYwXU3o.jpg	XYW5QcPunV52YEps.jpg
45	4	2	7841	60016	3588000	3ap9x6FVOKVppknv.jpg	WxRlGEFLSFE73c5f.jpg	SddWlUk0vvrJhEVt.jpg	LZLKq87UPCV6yu73.jpg
46	2	2	960	92276	834000	Qr94bSgaVpQZEvv6.jpg	XLuIoWVssL8DZTy3.jpg	jO8EwHkgkb6kSLBw.jpg	7kdusZwDctlBl7of.jpg
47	3	3	2685	85255	9598800	8ByQdReSAO7Tuon1.jpg	ssimXYhvCZKviv65.jpg	RXxRTZswiCWEKt5M.jpg	aOpOC9pHRD5fVZ60.jpg
48	2	2	1152	92276	1198800	uEFOUNzWRn7ysLis.jpg	9XCnvAhGBBRkBBly.jpg	N7vGg66SGguHEwCO.jpg	lcJp2D65MXipQWLx.jpg
49	5	3.5	3342	93510	7668000	ACOxdxXPDM0XYZAB.jpg	MdTT6rSsdNDQr9Hi.jpg	DeAmkhe0eR7vsDx3.jpg	oPdw8RoU7GTPxwdl.jpg
50	2	2	1120	92276	864000	4nBVVWewP49QPXNb.jpg	jpSOJMuefQusOnDh.jpg	4J3zvAScr7ezM71P.jpg	rp8kszaQFH2K59QI.jpg
51	4	3.5	3381	93510	8700000	tivQtGI3ro1IBpfg.jpg	V52jSAyEaXfMudXN.jpg	X7dIieYhGxO1YRv4.jpg	IzsH22LjbUzdqFYO.jpg
52	4	1.5	1254	62234	1134000	259N9aMtpRnWE1L0.jpg	PDYIhU1vvjjOWqK7.jpg	hgTQdVx9LzHKNTYp.jpg	S79xVF6NrhfGTUtc.jpg
53	5	5.5	3932	85262	13068000	NpCpc2gXvahwNVyi.jpg	PIf2FsNrZb0J9bkc.jpg	9SoX0AmAwjCK1BvH.jpg	UYJDLNVHyVOc08MO.jpg
54	2	2	1248	93446	2100000	I7a1HTuCxubmz3Dh.jpg	oHEk2FL7sAnR4ny6.jpg	tyBksDHCCOl6hVdg.jpg	7CBJFDqH88N0n1nz.jpg
55	5	4	3500	92880	6540000	UZ49XsQFU9rnMnGR.jpg	51FIjTunpzaK37Xi.jpg	RBBNuQDDlcZJnv6r.jpg	OwXIy2FSqFCLoLKL.jpg
56	3	1.5	1524	94501	8988000	DrXs3q5ugOuyXY8H.jpg	jRbTqqEN4gdHC15x.jpg	YnQY4CF6ta5BHjjJ.jpg	i1awWhA8htTgA15g.jpg
57	3	2	1570	93446	5220000	cTnyhgnwZ2l5eTVa.jpg	gVvbx0F2FRRxdbNX.jpg	ss4ZiHDhulrI4yej.jpg	alS674TjUgT1mmbH.jpg
58	4	4	3522	93510	8160000	1tYwL1WG3ugWljBa.jpg	pdzYDgoFJYyZJVWb.jpg	8TkAJmh2mhoZPryy.jpg	iSXNbNksdAguMOpA.jpg
59	2	2	2036	92276	2100000	Hi0kbxmS7TnM5G2m.jpg	36CNk7m8ndZa0gio.jpg	CpzCPnGlIMoROqTX.jpg	lcWzh7VvKxeMz9nG.jpg
60	1	1	766	94501	4188000	wbEia8Nx4FGVaV6O.jpg	psF1Rmp5toBKeAKV.jpg	2ZTR1Knm3rugmGxU.jpg	EgnTPKWzChZjXsL5.jpg
61	2	2	951	94501	6465600	JrMpNa03nEMEFGCR.jpg	pB8RnlxcBUC0M4qj.jpg	9CzhglcemKFoNcpq.jpg	t44GIfTiLGBHPEPe.jpg
62	3	2	2061	93510	6348000	YXUUqr4h43CusK9s.jpg	lJZnnAdCTug0UVQU.jpg	HEOYl6QRrCFIz9Uv.jpg	4JbmWK3cXzSKTmhf.jpg
63	3	2.5	2125	92677	8736000	hxI6cXUTmlM679nj.jpg	E3UMvdsQ5LVXIWQ1.jpg	6ju0hGEkb3JEsAsG.jpg	5tMm6TM92BA0FYTU.jpg
64	4	3	2825	91752	6598800	0EK7IKJA1n81uZTb.jpg	5CBiklstIs2ghdlX.jpg	7MCQItBq63ocaVn0.jpg	1cpYMW93mVtghF9e.jpg
65	4	2	1966	93510	6360000	fUhkx3NVgW87uIuO.jpg	Sz5t2eaWDbKOjnMy.jpg	qtk1t0Zu1QAEaR78.jpg	mDE8k666mPMxRhAM.jpg
66	3	2	1696	96019	3834000	ONT8q6Xci3gHDCIu.jpg	eIXattYJKE0U9DMU.jpg	z1p14o1aWiuildwO.jpg	Uqo7OZneAY97Lgfl.jpg
67	4	4.5	2844	93111	19140000	WI5G7Qg8nxeZMA4f.jpg	fo8mP2QdhibvmI5C.jpg	TZJCvM79zLGffY9B.jpg	eJ1VqxYLalnKi5TJ.jpg
68	4	2	1768	96019	3358800	EHJPxUIQcD1rRR2r.jpg	53fRCKxb02A0lMD2.jpg	0gnnQD3KN8wBbfAw.jpg	4K6i7gkh8NDKNUNe.jpg
69	4	3	3631	93510	8398800	IoSUyZKBcrPnL7sy.jpg	el8XgKrLUOLP20xd.jpg	zuZuAr5Jqs2KZUD8.jpg	G0ahALj0cAcIQsUT.jpg
70	2	2	2213	93446	7020000	p92jsJMdP8PgaBhc.jpg	JkMDemHTHrr183da.jpg	1Sim1aJtgonMbShU.jpg	TVKUDOrZRDNhDZqz.jpg
71	5	4.5	4180	85266	10500000	KJFSSh52U0hG40tc.jpg	lBHLpeohQTc5ApC3.jpg	z26uiJiKMjbLyOiA.jpg	UhpiaCS5dV2SK0f7.jpg
72	2	2	1600	92276	1764000	AYm0KnzxQ9dMEsv1.jpg	AF0kNQfgZVZgUsR0.jpg	jsqHSeJuyCVy3EJ1.jpg	lkxuVxFwfyYZM46O.jpg
73	3	4	4116	85266	11654712	V2pisUsvcxrwnhAb.jpg	u9C88VKjsobao9Gf.jpg	mA3n50qpE9kGehXK.jpg	9aAsU1Mu8GEUOC7e.jpg
74	3	2	1376	92276	2098800	S3tFcyKk2gVfhZgp.jpg	qMjbGgKB0j1734xW.jpg	aZY6h7RNitDJs4Lf.jpg	5hdnOqz7CrCXDGK4.jpg
75	4	3	2462	95220	10980000	YkGf0sd7NiXs13JY.jpg	LQQDQeTICdB9MDue.jpg	I2EitVAsYM6Tb9Zt.jpg	hRc8MjqK1ZVWuoft.jpg
76	2	2	1281	92276	1668000	ppcsb3UT2UzibYIx.jpg	MMCttXrHG1znKcmu.jpg	1wpc53qZNq2GStPw.jpg	hz1hTvDD4OizPbS6.jpg
77	3	4	2544	85262	9588000	ILyhaKKd0R58Tt3B.jpg	fNvz58qLaZQEnhw1.jpg	tjeR9PVQDkVqJjiM.jpg	iyyQdLxZs8KWiY0l.jpg
78	4	2	2128	81524	2998800	p7NABkGbF0BWJyUh.jpg	T4uEUDdUePqG2o7q.jpg	DK9r06YVOCo1XiwQ.jpg	r5vfx1holjalk0h3.jpg
79	5	3.5	3149	92880	6000000	oRyqBZnvOvWSIfPC.jpg	BFAWsOjyENj1pojO.jpg	kKMUhybwB9dmNn0d.jpg	mR7arpVtfLsv6tIK.jpg
80	3	2	1476	93510	5820000	YqN5cvzrcBT5RZx0.jpg	fxpXKlsZ8a5qDTqq.jpg	vNiHFuS8DfWqpODE.jpg	VmnFpiN0pwd6tvpM.jpg
81	4	3	2257	90803	15588000	LoOnjwpaQ7blQSjW.jpg	pCLxh8W3irwnsOyn.jpg	Aqg0WeCKD8g9MT8C.jpg	87C2SV7gGuAh17R0.jpg
82	3	2	1920	93446	7500000	YmIardZNgd41vtMd.jpg	pZmVuPbMdQx8WlfQ.jpg	UqqKuCziPoR8Prtc.jpg	Dx77LEEWKiYet2Rz.jpg
83	2	2	1257	93446	4560000	FC33JMHP7AnkqiHW.jpg	EkYrJEYNJOchadG5.jpg	acWwf4gzdW4ZdNmY.jpg	QcefW56s69n5eKSQ.jpg
84	3	2	1448	93510	4188000	YwoxkBXf5pMtGFA9.jpg	YzlAqHrxwUzCzn3x.jpg	fthBwE6NfUDnLqwI.jpg	OvJgNXyGMLohBhjI.jpg
85	2	2	1538	93446	8394000	IdAuLJBkhVOyP7H1.jpg	qI5iW8GMq482I3VK.jpg	bvHX4VctMZThk7QB.jpg	pmeEqGIJnD1Lc0uk.jpg
86	3	2.5	2014	98021	6345600	E3rr1bKLcHbZy3YJ.jpg	4wJwhmO7GjBCFgai.jpg	PfJ91qwAJ13StbOi.jpg	f8Py3DJCigow2niI.jpg
87	3	2.5	2644	92276	4554000	o4TKHEstsBkYTyUi.jpg	z3lEilM7aI4b2jm1.jpg	ExDEPLan5LpIAHe6.jpg	trWurjwVggqgZjHy.jpg
88	4	4.5	3885	92021	9906000	Bafpzmf02DgUd0dp.jpg	fcCFHmdJUFQcWNCj.jpg	JlwHxwc793CUiLHF.jpg	eWSC4ZDJ588zAH2y.jpg
89	3	2.5	1675	91901	5640000	3UnfGQOSSe5tnBXL.jpg	3KHgqLVz2LTiKfd7.jpg	k6GwIHXcNUYCykKW.jpg	QixDqmzQfpaFNeJD.jpg
90	3	2	1201	62088	1428000	jZQP9YZI2czW3EsI.jpg	4FM1TZ1ct7AENJeR.jpg	1fTLjW3Hyek3a7j0.jpg	iaDxD0VBvfq8mPOW.jpg
91	2	1	1065	94501	7548000	HkVXG5F9LQNYhchX.jpg	FjEdcAPux9Gm7DFU.jpg	4dFebjwVseoVzAAV.jpg	N2oNMRg8m0pjhkgw.jpg
92	5	4	4014	92880	8388000	FzVqaCquEBF9NmXj.jpg	MV5slOkov5WvkF3f.jpg	jKBF5TzxhWQ4OcP0.jpg	BxHgBFFHhqWezP9L.jpg
93	4	3	3624	93510	8385324	4MhQqj3gnJAxeq8l.jpg	J3sPpLHbZG4nQtAe.jpg	5GQVs2WbCUJPNmsO.jpg	qryKzOHHyloQK3E4.jpg
94	1	1	840	94568	3643080	UTBb1uUfh0z82nxY.jpg	vAU3ibcaqa0Zc2iB.jpg	LCZvYDZ60xCFZ8GE.jpg	7PlBweOfVPK1G0T8.jpg
95	3	4	2748	85255	8700000	nNpds3DaDZsfYT5R.jpg	gPAE28oeeerXYcpa.jpg	0Pz9sE5tyysr8hid.jpg	u1YcNzQHJomeypdY.jpg
96	2	2	900	93446	1500000	uEDHUkm9faw5ZOQB.jpg	hFLCq1Wdhxuhmrnd.jpg	ts53f9bTFc7Mzj05.jpg	1rHUBaBnLBVH6s80.jpg
97	4	2	1866	92276	3072000	MMNgO2xtmMXoHkKh.jpg	GjA2DEOHGkYFk0It.jpg	F5b9yQXv7aH9I8vH.jpg	BLhX4t2jeaKOd6WT.jpg
98	3	2	1303	92677	7428000	yrVXWkZ0eHPZUvEh.jpg	Uf4cc4MyoNiJMiJo.jpg	QLh2Xwt49MxMTbnO.jpg	dk0VZeFg0OQG9wVT.jpg
99	4	2.5	2362	93510	6478800	KPU6DAtwDbwnW3n8.jpg	MM3qAclIcpxdh36H.jpg	awodOSp8rQYpfjCP.jpg	QLoERXAMArgJ6Q91.jpg
100	5	3	2520	93446	9468000	w159rR4TS1D0yk9S.jpg	9HteZ33FaPuUWK0Y.jpg	2ZT8pWKEzlKjl0qG.jpg	DYtNu273zJhDN4th.jpg
101	4	2	2272	93510	6708000	7dHKCR1iroqRCrcO.jpg	Ffv0BMHYgcKKsgqD.jpg	IDnxhb4RFcD0VaoL.jpg	hq4aCgIoqkS5m0uP.jpg
102	7	7	3265	92677	14400000	kQgIjW3IiB1Kj5UE.jpg	5Ifhd9EcSWijf0Lg.jpg	KePploDgUn6PuUvq.jpg	013SKmvsXvuCICay.jpg
103	5	5	5677	85377	16500000	kIudmbg7Jr8ze7Fn.jpg	nu0eN6lyWa0Oafag.jpg	lYCGKSVByvFnRehy.jpg	kqpD9BsbU2p7C3HH.jpg
104	3	2	1288	91901	6588000	vfmwA25WrKiW3Lr4.jpg	hiaLxPR6wJ680rH5.jpg	i3dyIUEPeaodfFxr.jpg	7MuXTRDfR061wueJ.jpg
105	4	3	2987	93510	7380000	uZu2Izyjl3GnIwml.jpg	fQnhjXVRd10hjvIN.jpg	O7fn04mE75dFoNWw.jpg	xW27ph35E4cy1gRt.jpg
106	2	2	1344	92276	838800	Q3VjsfAVLtArqFGK.jpg	fDtiUPFyNkNDlrNX.jpg	PS2XASiByHEy1Qet.jpg	gm4GknTsvXiJaXoE.jpg
107	3	2	960	91901	780000	ThGvhcoB0YJPNRUh.jpg	jlenu4k1mjMHW4in.jpg	fq30xE9xsY7sG5Zx.jpg	BhapqS6IvZPqmeE6.jpg
108	4	4	3428	85255	12468000	GS6ogVgRe8MVhDnd.jpg	r45LRmr9eC5CM73q.jpg	Eiuygqkzfrk3NlaL.jpg	rM2S6CiZ9mZqiPk7.jpg
109	5	3	3677	92880	6840000	ykYHQjn85POCHYFz.jpg	wsU3V8f8TSvpKVkq.jpg	D9wGZzzr51v14XIb.jpg	umrKrAEvBx3WGsuc.jpg
110	5	3.5	4560	62025	6240000	TDXDAKBCSySQU0jf.jpg	qpTgJjnVIEUJZiRK.jpg	c5CAQEUPEbbovIaW.jpg	e8M8j1M3aY0aHysO.jpg
111	3	2	1447	93111	12960000	1BwPJZSdzSJ0Dmrb.jpg	g0GidoaN8tCoSfHB.jpg	6OaJcYvlFxntE9WQ.jpg	6QUY5s9JHrhArBm5.jpg
112	4	3.5	3768	62234	3058800	1arhqF0FyygBQAmC.jpg	QW5nl9H1Ijg4Fyc6.jpg	WTDWT7O6k5KypzxL.jpg	tCEYsVokheAbXQfD.jpg
113	4	2.5	3060	91901	8399988	dGVXvP9r6BxzibG8.jpg	CwYgytO93AXz7J5J.jpg	pq10HDfkVVfODYO8.jpg	jLGSUjbVbxX2y1Mh.jpg
114	5	3	2179	94531	5160000	GjD8oKdoe8aude8U.jpg	wPxAFwBz2K3LFVWo.jpg	krG8JTr7PCcc7q5q.jpg	3XCO9g6F3Ca4nCEc.jpg
115	2	2	1088	93446	3300000	6MnIpIAb5ZDn44Io.jpg	D3RAmacrY5KiJR7v.jpg	E3fSmKbvDV3wUuTX.jpg	BfrlV0sbHDCJFkcR.jpg
116	1	1	800	92677	4020000	o9kkiKNTPKdZXyc3.jpg	VIdwsgeebc8t9O3p.jpg	1Y9irxSwAR130bvn.jpg	ATpDiXkSahZuLEhO.jpg
117	2	2	1468	92276	1500000	WavmWyG6MXXlt3jj.jpg	fFhsW76HqNOBUXKb.jpg	4wFeLP0qTb8sqfbc.jpg	oIq0PpQ5ecqTfmpM.jpg
118	4	3.5	3651	93111	20988000	EupjsGh5FcatRCdf.jpg	rcMF0RLTvbKSjsld.jpg	N3UTEm78QmOKC2IF.jpg	FbvwyUjydEpdoIs3.jpg
119	4	3	3343	36372	10382400	O2lDdCmJVdrzIEVG.jpg	fE1ldXDG1io2NC4I.jpg	01fOC34NxeQ7CVkc.jpg	vPx5AfVQ0sXpATvV.jpg
120	2	2	1598	92276	1642800	kwlAP3UqOjn3SRIc.jpg	imj6BCVXgo4OhBLh.jpg	94CxEAukFYWme6TC.jpg	VhMBHGBBTzRzNWTr.jpg
121	3	2	1299	94501	8868000	8pxQbYPL0JddOkoW.jpg	qtBc0J2WNweWXgla.jpg	xWuUPsYpS3KeV54x.jpg	0d7tM6A8Q31oFGtV.jpg
122	5	3	3679	94531	6300000	II0jVd4K4LrNHHtO.jpg	FzCOLbXkPqwVDzCB.jpg	vfWsjEaJY5a10oCz.jpg	RcuVh279KbI7ulqO.jpg
123	2	2	1313	94501	9000000	Xrww43pCX7dgPyru.jpg	qXFX9kvtTb7RhFAH.jpg	hn0VhX4MoBZOir4s.jpg	B8seV56x4WA7Twov.jpg
124	5	2	7627	98021	7667280	JuSHyCzXdTg2UeMK.jpg	l8FFqi65GoF9RAGt.jpg	JJrvdzUxwMmxqMRl.jpg	f91EuSTUsF8UJxMq.jpg
125	3	2	1560	92276	2268000	ZyfOEzzzuwiA6d4L.jpg	WzLLWjYT2QMiWKf5.jpg	Sx4YRTjszqTropqB.jpg	uwXXbwn1yYwbV834.jpg
126	3	2	2078	94501	10656000	pTBqLNdBhlbv24OS.jpg	0mVbI7cBabYNUxmY.jpg	xcLef4DzOGgM1tWg.jpg	kPKErfHQdPzRLhnq.jpg
127	5	3	3710	85331	8880000	hTaxVEAPy7jKrMRy.jpg	rpQ4xNJ1n7XwTrds.jpg	1Ut6TG04PBvcMrUi.jpg	XcNgZIFVqknNtsag.jpg
128	4	2.5	2464	91901	7188000	ChTwGSFs00HsT3i4.jpg	rsFFVcXE7fCLqHeT.jpg	amXlLd7fH5u3vQjf.jpg	qNFJlL7yFzIyB5OV.jpg
129	2	2	1440	92276	1320000	GWDxPLnpj2ub4cTp.jpg	Dc19iMsxey3u5OmD.jpg	8OvXjWuGkMdzAWOT.jpg	n0sQttvqbsl0Djvb.jpg
130	4	3	2353	94531	5496000	Wm4kYtW6ZUtDLOFu.jpg	AcQTdLBDAtOjnPZA.jpg	VsoptFVaesbx3C8b.jpg	kpbX8dDomcMBgY6S.jpg
131	4	2	1717	93510	5928000	7w4jXpl1206V2OvC.jpg	QepwZwrI8UDgtWoS.jpg	H2h61KgolKM5u6ZL.jpg	6QhbCQjnrAQ1IyoM.jpg
132	4	2	1475	94531	4620000	oEV4OehzqxNAu7Ms.jpg	G2ZdHa9RUVQXWf7Y.jpg	JGR1al3zPoADUTJB.jpg	q0E3fS7n0OP28Ctb.jpg
133	3	2	1200	92276	2700000	kUek8M3BpUCb5vn8.jpg	Krmi56KA8NQp0Mus.jpg	SNfp0ETcYzhwEQiT.jpg	wkImBlV1JMYPXWdi.jpg
134	5	5	3701	92880	6948000	gGvsAu1ZOqksIL6K.jpg	5IxhKuNBMuVPj6qS.jpg	3mIcJlm5bEeoEiB9.jpg	SoUtF66PNw1HPyeQ.jpg
135	2	2	1503	92692	7978800	BH2rxmfEI11k6gcx.jpg	6RHzRlY89vqqRKv1.jpg	sqelb7q2B2c5vXLu.jpg	5CoR2qE0VrysrnV3.jpg
136	4	5	5524	85266	20376000	2kxMjow7Dj3iwSXh.jpg	ErWJZRgtpq4cTbWj.jpg	zApD3y1aDUbs4LpX.jpg	940vb5OCwGRU64DZ.jpg
137	4	2	1771	92021	5700000	pFCtaTTQYMlJ7l6K.jpg	RjtelKrPw7uyygzc.jpg	JJykYpy9JLSkzBMi.jpg	OvOgWssABbFlT9YT.jpg
138	5	3	3167	93510	7198800	AOUnaoKtkG7M5qOv.jpg	gZPiljaYv5UVEUe7.jpg	aeaMXTXDc6205iPp.jpg	EXd91MPbb4SBU2m7.jpg
139	2	2	994	94501	5748000	X6FvMhVxDQjbJPW7.jpg	q1YiDGjglg2W1ddp.jpg	bOG3EbsFDalCQFHL.jpg	JFMG7vksXMKMUJ0M.jpg
140	4	3	3277	91901	8028000	zzEtHrLTM4FbypsE.jpg	a7VSnVoBK7X9PbJO.jpg	OxDdqj1EUrNERw45.jpg	JU3l3VGVDTp7hoY7.jpg
141	5	5	4749	92880	8988000	y62kYqVKIzywZEfK.jpg	VeNGTGfKDO2wRMgL.jpg	HnWFSyrFmf3KOY91.jpg	3Aq5J7iNonqoi4AG.jpg
142	4	2.5	2850	62234	2616000	kV4J61CcILKFzNLA.jpg	54w6kBN72IGEzHbg.jpg	08VkKbXcGzWUvMeo.jpg	l7Gs4GxcaS7BXwwT.jpg
143	3	2	1766	92276	1548000	JYY1Ap5XzVcI2Wca.jpg	EhSmDF3ou3sqnzyD.jpg	Nr8Ql5q0J5W4yhDJ.jpg	yTSm6KII5Q6AHgNT.jpg
144	4	2	1696	92021	4548000	jwv8kMzhDWRVSezl.jpg	pENAB26UqgesDzor.jpg	flCcxzfC8cQGKQQJ.jpg	ifd1JVIWqOeDMtQE.jpg
145	4	2	2334	94531	5520000	O7NQXKuFlmDwzRjQ.jpg	NXJmtdNZ21mdeuK9.jpg	6BcVmUM5dC44PM88.jpg	IQsUWFtR1CoZTXHp.jpg
146	5	3	3200	92880	6816000	Lv26K550Zt22jqzW.jpg	Zkl0zcdN7MxTpxI8.jpg	FGycjHOdNK25zRU6.jpg	WChwbWKUqzfVbHBv.jpg
147	3	2	3326	93510	6588000	EcXzSgMFoTe3r78v.jpg	eNBSzcZO37kgwU79.jpg	BH6Vi5Acbx4n7Bij.jpg	EWLHYY4BEVD7zPFp.jpg
148	4	3.5	1084	91901	10500000	AQCTmNq3m9A7oZiG.jpg	sSTjydISUFi1piOY.jpg	Cyucu2fSE1Q1vs5A.jpg	cMKaAJmsGBbd098S.jpg
149	3	2	2330	93446	7198800	iZ2KNq9eRaOTr24E.jpg	330pwylQxhVK93qc.jpg	8owcCWJDeTwiePbt.jpg	LrDmCaA5BT2P9I3e.jpg
150	2	1	1110	94501	7788000	l5b2Ag5EAr73d8P3.jpg	qx31azpTkaQtfzMA.jpg	yc0dkDuK5sm4D5LK.jpg	sxJrqujZKcZcOStj.jpg
151	2	2	2015	92276	2628000	XbMWGwzTXTeHQ4z1.jpg	LMVVKofttmka6SMz.jpg	n6Xsloq6wkWyni8P.jpg	2kZBOggO1jtzUOvy.jpg
152	3	2	1209	92253	3000000	ohDrqqKQaTLCaCE3.jpg	b6uOPxPskYY9My6S.jpg	0njlQruvgrKytd27.jpg	NrfWtKn5v7GIEaL6.jpg
153	8	6	3849	92880	6960000	TF4iCv5cjXPDJmIX.jpg	ujNa6TXsACOJJIui.jpg	KN2nVtzoz8o3Mnm4.jpg	ScH33HX21VN1ZRan.jpg
154	4	5	3307	92880	6238800	ooGN5yCDzLSz5f0V.jpg	kyYP10IQVizFeAjD.jpg	IxLcC57jGMp9OJvY.jpg	3hYlbqRBxCbGzJIO.jpg
155	3	2.5	2836	91901	11748000	SmVszJ29hETUp3VY.jpg	hFYE9QM315SDtbF5.jpg	bnX2rcwG4OiZgwtX.jpg	csGWQWZFb7naD7CU.jpg
156	4	2	2150	92021	6936000	DWcFpi7SY28IyVrW.jpg	xARMHN8iSgN2jTkA.jpg	6sVqOijDbruTrwsj.jpg	vhDM56fh3pO27teX.jpg
157	4	3	2256	62214	1738800	qk89RMCGxUMuySif.jpg	gRxpCHSo40538Mm9.jpg	gINzSwLHUdr0KRuA.jpg	LK95bC4AnATvuN2G.jpg
158	2	2	960	92276	732000	s1MV3r2yI73EuZUU.jpg	MG3kXhypzQwbPoET.jpg	QAI0G5Sq1zGP6r4h.jpg	kWTFDpy11ieSS9j4.jpg
159	5	3	2983	93510	5748000	6yKiLG8GIhGpDwtF.jpg	6uURZLp3wBVlErcX.jpg	ZMWCK8Lh1w0lQWLq.jpg	cDrrNbc40EUMfSz9.jpg
160	6	6.5	5963	85262	19140000	RaMYwwVyp3Tw4wOf.jpg	y9Ww06fLHpI6ehUP.jpg	H6zcEDYIxwqpoOtB.jpg	veZAXvTFbyPQN2SQ.jpg
161	2	2	1152	92276	1188000	B2zm7q1Fs0FDX5oj.jpg	4IPXNvX9U2EAKS0r.jpg	MsRZoTrpjBe1hWw7.jpg	ikTddHP1p3t8OwYq.jpg
162	3	3	2134	81524	5100000	McsYlY0m9bEzxjKK.jpg	yMrrE06YZLqQSbcO.jpg	sCwiOp9F2gDPGhwt.jpg	UbRf4haAeeSuIqKE.jpg
163	3	2.5	2824	93510	6828000	AHEWCx7eKPjNW47J.jpg	VQCiDfueHiMjy9X7.jpg	wwwG6MGEJAvtfz9v.jpg	ZZfmkgOI5SwAaSPU.jpg
164	3	2	1709	62234	1258800	0bzCzuoFfcfiSo2H.jpg	OaIClX2YfsvpKrDm.jpg	D9oCGNtM3b7Pbp9O.jpg	aYcyJOKj5lWDjocQ.jpg
165	2	2	1440	92276	1188000	bmuasWrN3kj2RKIt.jpg	zWPpYusZbvgR5sPD.jpg	KrLNXDKqc73InndB.jpg	rSzNTj6NtQ7zQj5S.jpg
166	10	6	4188	93446	7548000	5K8TLUCHSqX2sfwz.jpg	AYqhwreZ0SSNCjAB.jpg	gfPxgYOCJo6aUbZE.jpg	SCSHeWQkvyLT0H6a.jpg
167	4	3	3214	92880	6574800	0YF8Eio0p3zETm8J.jpg	Z1paTBIhLj8DtSMg.jpg	PQnIpyq1whekIAZq.jpg	IBGii3qRKaxmrl0p.jpg
168	4	3	1909	95220	7788000	GQZp5Bckh331qOLI.jpg	A2c1BFO6C1zuw9Ny.jpg	fjm6REjVQNx7PpnZ.jpg	eUs7lHfqNXqIX1kj.jpg
169	3	2	1490	94501	11388000	IrmrTEKiYC19yS9r.jpg	GLO900ynftV3qDeb.jpg	Ryv8v3xmOgwGPki2.jpg	sOH8P339vCsAM2aK.jpg
170	2	1	1016	94501	8148000	87d8BLmFkbJPR6tp.jpg	owNwwYp5psIvjOSF.jpg	XTlSDbZmAcyLHnPE.jpg	ApsXwYo1KbnSliIV.jpg
171	3	3.5	3172	95220	10798800	4HOjYEcNorKFYmhe.jpg	Yqp5YQPeUD3fljpC.jpg	E1rvSo0OsNApfZaa.jpg	paGzmIKVbuZXn3Lj.jpg
172	3	2	2095	93510	5748000	6QpZowqVjLonsAFy.jpg	hfpxNhwXhh005b4X.jpg	Yh5udE16f0AwfGhE.jpg	37DfqrS0mcWaVPlx.jpg
173	5	4	4190	85255	14388000	Nl9u8PhewCy4qdNb.jpg	vZEpE09niEwCgiCa.jpg	dRIQkKmqnjxwAzF9.jpg	jH1Oywb34pb3amBQ.jpg
174	6	4	3705	93510	9180000	B8HzspFVgpIQy1vM.jpg	zIpaUXUjzZDZpcSs.jpg	xy3fQbEKoRPX6rMd.jpg	Gzd5z324dntXn5sT.jpg
175	3	3	2800	93510	7560000	t7rxzHjkenPmXG55.jpg	a3K3HqMe3VhqRPVx.jpg	uIuf5XU9InQYgB65.jpg	pNc38Bavf5E3ZcAu.jpg
176	3	2	2012	94531	5459988	yhNvusSU8jqUngN7.jpg	VnEQkn2tVUQMPd9P.jpg	fK1agngv9Ea6Zd5K.jpg	pM3TlTzHcz87NNjE.jpg
177	4	2.5	2508	95220	8396400	s7XQcDw4P6vR9fNf.jpg	EK8DXwVQmvHOfUS4.jpg	hzijE7ZGm5q3fDCd.jpg	RHTlp31Km2Wx9iWJ.jpg
178	3	2.5	3467	95220	17388000	TYxyxdcqrSmZ3QF3.jpg	NLDyr2jvnJlWlbuI.jpg	ubjShtyfepsm8MUu.jpg	8feDPXRw3ROeioUg.jpg
179	5	5	4022	85262	10920000	s090BGod5dVlggZ3.jpg	VXTH2jaDSbXXBEAR.jpg	b8rVnUss0RGK65Z6.jpg	SE546WGcnXzvzLJS.jpg
180	1	1	701	94501	4068000	wBy6yMSE7VOJmHvE.jpg	VNLL6A18JEMeNmGh.jpg	yxReimO82HiPPHqQ.jpg	YHZmZiloa1hvDUn9.jpg
181	3	2	1600	62214	2218800	eZAjxAqJaG18o2ye.jpg	lcdOYigz6BjGaCRr.jpg	uVeL1d5037j1ugsX.jpg	tLet1uS4G6UPImHu.jpg
182	3	2	1802	93446	4380000	4boyYJsAdyr9mpXa.jpg	8Iw8YVpMu4H2zHby.jpg	xY5GDvNjC2RbmJZP.jpg	qw6b942xc9CtMKR5.jpg
183	4	3.5	4838	95220	23999988	mfsP9OTiYDNK7FAG.jpg	uTiGJ5wMX42vGwWy.jpg	5DiWSrZJuGODIQtC.jpg	XiN0mFgC8e3LJXRp.jpg
184	4	2	2252	93510	7020000	wvpx9ucYgEW6FuMy.jpg	rNorrVvLmMDE6NzG.jpg	UY5wZWJXVi4sG9s2.jpg	qVRYuc6RvhPR6Zyz.jpg
185	3	2	1387	93510	4740000	ir6lAtu0zLXG5duk.jpg	t3lGVrTpewzVBEaD.jpg	wCUN00tZjQcC15vG.jpg	oBJSPKKvUmWgLqDp.jpg
186	2	2	1722	92276	2094000	5iXSXt1RUsrfGKNz.jpg	ZbRvn0VOXxFcu2Uu.jpg	KOUJVAw583zmH1W2.jpg	BdOeib6ilmscQuyM.jpg
187	3	2	2154	60002	4198800	jGbEyJhgl5hHHC2J.jpg	thYFpsv22TT9jz55.jpg	CIcg4uMeLDu4Oh5u.jpg	ssn6iNkN7t50u4zm.jpg
188	4	3	2617	93446	6954000	kDe8QMr3LGlTLW4y.jpg	F6lLj9yzbLWyT7oV.jpg	GaToMELM49lxVmAA.jpg	TjmYvn6lSqimD4iQ.jpg
189	2	2	960	92276	1200000	Rrk1DE23gOqhJu4B.jpg	bZRc4VigmXVfkPYL.jpg	BLaTHoQL8qHJ3XQ3.jpg	Ziqis7rnmsDLdtVZ.jpg
190	3	2.5	1717	92802	6480000	TDFNrPGqsHNCBffF.jpg	wbBlPBdSsHwNXFFo.jpg	FVsttTsP4E5EL0Z2.jpg	dHmEqrOR5BDiS7TO.jpg
191	4	2.5	1831	94531	4668000	qzjJp5W1EoN0vozF.jpg	EQthnWFsUoWUlIil.jpg	7g4yd2Elp5ykEiQa.jpg	RFoksh73ZMi7RSLF.jpg
192	3	3.5	2724	94501	13800000	DndXkhGhnjWdob9U.jpg	tQVICpqRx1CBcqjM.jpg	MHpjfjUgL7b636RQ.jpg	sTi0EW2Ekyiwf7NS.jpg
193	2	1	884	93510	4800000	6DFskroRywqPinr5.jpg	dXcz2b3mfyjr5Z8j.jpg	8TdvT67w3ATLcSQp.jpg	hSAGHykOGAojJV6S.jpg
194	3	2.5	3300	92021	11220000	xCTyFIn7fpxZIzjy.jpg	QYk3TcHyw5lkTMAy.jpg	xk3KFPL5tmmhC9y8.jpg	IcPQ4y1gkZHVD0Rz.jpg
195	4	2	1426	93111	11388000	XIc9mQn7P9Od25B8.jpg	fY6wWlcdFWI0Uur0.jpg	g52zzE9xyXrw4Y4P.jpg	x2wbeZaKGEoa0EQO.jpg
196	3	2.5	1500	93446	3828000	yVmyNClvtsqXIqju.jpg	xhGvb0pisPxO4YO5.jpg	E8oLFJUvU7YMhL5T.jpg	o2Kb3h8BcPZ8OdbX.jpg
197	2	2	1388	92276	2008800	GUJpMFP5Z1wgHjWO.jpg	nLARxFTmE6amnusU.jpg	6GdliGE1yFe9CVwG.jpg	hlqklAgWkDicvhgc.jpg
198	8	6	5900	92040	16200000	xLmeZd0SpZ0yBM9n.jpg	RC966Thl7dTbpEkN.jpg	YQp2uAcV0Fl0I2c8.jpg	r71KudFqE3zO2keD.jpg
199	4	3	3548	95220	9899988	aZVXdBdybbWHJa4v.jpg	4MLZMDK5PJnJhcF8.jpg	ndCuPFxn8Nnh4ith.jpg	MPXDREZlBhFsjpub.jpg
200	3	2	1507	92276	2820000	UIPJdaaWxxqVjjaN.jpg	V0vVqPs7Fxx7OFgZ.jpg	QyEWKLn2WK14FIgl.jpg	gHCwfpak9TKRzdwv.jpg
201	3	2	1248	92802	936000	QoqEJxWRM2kBWsvt.jpg	0MxySJkJNQxU15Bb.jpg	zqR5tM3i31C3XPkG.jpg	qPtChK98zOTWFDzD.jpg
202	4	4	2460	90038	18600000	8LGWwUqyVjsCffAy.jpg	8R5TaGAw5l6pt9hW.jpg	L3M6el7bS63RiBvj.jpg	yix8ROLeZpA5QQQK.jpg
203	4	3.5	3420	94531	6600000	qAEcIUeveve0LkR0.jpg	jM84RWeXp3Bu0Ya9.jpg	sbZdOQyBGOkGFo33.jpg	a5udeHzAKvEfrC7L.jpg
204	2	2	1190	93446	8878800	3kvfRfQHLGQUoHrY.jpg	Ap8u3nblOrKbfDsX.jpg	RnYBor0UNuUIFelT.jpg	1RCDpg91Afh32mp7.jpg
205	2	2	1248	92276	1374000	e8XGrQat81ArZdez.jpg	y692tXIX7urL1twP.jpg	XX1aJPQmk87f6GPb.jpg	iFLnoy3DGjuuRahV.jpg
206	3	3	2362	93510	6492000	jpTN9hn4T3fv3D5U.jpg	27hdCTy10VhRGC21.jpg	ERWaEL9TeCzqJPdc.jpg	cyazq7U3BPcatmRg.jpg
207	5	3	3747	91901	11100000	oazl8b0BnwQu2Lr9.jpg	JJJNluINPUkN2EmQ.jpg	RXcZbMYgj6mYeRFG.jpg	zERh9NMkHqMBbnWe.jpg
208	4	2	2072	93446	5158800	UA654XHvqZe3NQjM.jpg	8m071PYvtBLEQWVx.jpg	CuwWvK2AGk6esa6v.jpg	yMSJ792rVHWtnJUZ.jpg
209	2	2.5	1772	93446	5988000	QEglG6q6aqsca9aV.jpg	Y6Dm2jmJP2txHPCh.jpg	EjvRhEfrqGk3ZkaI.jpg	e4Aia1pMdj7RmtAe.jpg
210	3	2.5	2225	92677	11388000	7UnRiOrAwNHTzgel.jpg	qcstdb3zmdt4dnfy.jpg	9XlNAEZmHSUJX4yp.jpg	U3SAJuMakNFnw9UP.jpg
211	3	2	1471	92802	6300000	vuoSJqCUgDF0jiIv.jpg	bSJJrWV364CSQmvu.jpg	Kfw7gAUMQ3yhoMWC.jpg	3UIYVvMkzbSgnu9H.jpg
212	2	2	1440	92276	1138800	EmoJpMeEWdd4lwCP.jpg	25anPn3xI8PUwoll.jpg	WBJXSHoI6Oys9f6l.jpg	X7nJRihuPiIil8v1.jpg
213	4	4	2681	93446	6864000	9G9nFIQI81bKmKUs.jpg	Ecr41GWScoF297DI.jpg	GFl1UbslXSmRzzGV.jpg	WXk7AupL4102Yz86.jpg
214	3	3	1864	94501	11950656	zE0uqOEk8zm8p1gI.jpg	yWIfuXd3tWsXuafA.jpg	mzNhLy5zGEc60VN4.jpg	eetfG7l1PsCww938.jpg
215	4	3	3904	81418	5028000	bJi3gVZTIW1L8PwE.jpg	IwqVJXsyRcJM9dw0.jpg	OvrWucKI6GFqc0s6.jpg	d6JalPzIt68gu95s.jpg
216	2	2	1344	92276	1668000	BF9Cdu4i2mtejEbL.jpg	lkzz9zJx8vQ9MYzj.jpg	s8yjrjvDmmbp8uCq.jpg	dIH262hM8iow4wd6.jpg
217	5	4	3198	93510	8340000	QI8qYjsVYa14QPac.jpg	YYimkhb4zFsB1KZg.jpg	3uSOBpjeJlG38Wo1.jpg	zThYKyjCJ54jx1fB.jpg
218	2	2	1840	92276	1920000	DuaqdZ0tL5zssMP4.jpg	0HK3f3QVnWf1cUYu.jpg	Fqj6nNnvQiWmA8lx.jpg	er5ThcQP1JvdTOGq.jpg
219	4	2.5	2726	91901	7738800	NgggTKRdVvortPEk.jpg	XKsljfhunmgnU65D.jpg	kBfEknbUADfIiVer.jpg	8LbQDMnebw2yXEkC.jpg
220	3	4	3312	93510	9108000	ihbmrOTdcYNZYLPP.jpg	CnIJPbSHzE6IgaaR.jpg	NA7fmGiffh4hFCzC.jpg	1zOSWsZPQKnQ11to.jpg
221	5	4.5	4829	85266	14388000	tU3WS28FG92qFroi.jpg	7qzc2JoHyXug23lK.jpg	NdOvlHMmv6P0xvQP.jpg	VdbQl2dF5zV8GLMc.jpg
222	3	1.5	1080	93446	3900000	Y4hOUqnc4tWZph9C.jpg	ktE35lywUUYcHTWZ.jpg	E7nvcv6dBEYGWDUa.jpg	YVWXeo4xiuexzZ2z.jpg
223	2	2	1742	93446	11700000	8MKQDvLoSwLwdHSE.jpg	OE8U0E1y2YwqVhf3.jpg	ZXDmsWym9NIEcGfi.jpg	Y7Qig898PvnJhZDm.jpg
224	2	2	1536	92276	838800	wfwwhJU2CN0PRkHx.jpg	IswM4AVQIJiUHfLX.jpg	oIPF3H5IWdbH1BQl.jpg	PZI39CK3y1m6jnMf.jpg
225	6	4.5	4386	93446	9108000	1JU1mUvnHyjQiJmn.jpg	nCCvtiCDHrTQdyAb.jpg	5eexPRIPHDUSeyGK.jpg	eVOEZevyepNVWkrb.jpg
226	2	2.5	987	92802	5700000	0GgpK0IOSfu3lCv2.jpg	AKUdlq9v5CwQbApD.jpg	dsMKtCLRwDqYyGnh.jpg	uI8j6TZyOJUjv4u8.jpg
227	5	5	4014	92880	6504000	AqJrGygNqHaniLWZ.jpg	jS118lPSb22kpyoT.jpg	mC3NMMAEXHGuG13t.jpg	nJO6wfgzk6EqnLrV.jpg
228	4	2.5	1602	94501	11388000	FmZStgrlpgUm57gO.jpg	QC3smdhUEUGQrnmG.jpg	eieIgmnyoZvKcyC9.jpg	Zz9U1cINzjXWSQrC.jpg
229	3	2.5	2141	92677	9000000	42f6AOLuaXJfUk5Z.jpg	2kJKAKKPBFL3Oa8T.jpg	5obcuo3ZlRlwiliQ.jpg	JmxqLNHnFbYtnNVn.jpg
230	2	1	1184	91901	4770000	J7GgdYXsKnFKVQIz.jpg	VBxnP6TPbiCpqz6a.jpg	jhdkX9lcrZhqum9S.jpg	9uiLWFDw0WT57qgi.jpg
231	4	3.5	3485	94501	22740000	pvx5W21aBAO45eed.jpg	x8POEfPcrbIMIMLs.jpg	gYwRKieAmdPV6e0T.jpg	un2VVqHtuJtxE0se.jpg
232	5	3	3013	92880	6360000	7B9uQelAAsQ3DUoz.jpg	WJ50krPkqewobL9Q.jpg	0WgBqlaPkXfun0ck.jpg	UNLD3lRhUUNOWcv7.jpg
233	3	2	1508	81524	5400000	Q32glXoIXTVXM9gs.jpg	43JnDrf2TlI3hAZO.jpg	sdRWHW0Vw0agDhvt.jpg	qB7th1muYHfRZyxn.jpg
234	4	2.5	2300	94501	14256000	jsykVFs8xuMTZj9n.jpg	MtNtXn5v75lxTj6o.jpg	PJr2O7bTKI4iNkTS.jpg	MHWhf8wqLm56yRKs.jpg
235	3	2	1008	96019	1968000	FpLjNh7UU8G5JzEv.jpg	mCBixKVZr8tjBCWD.jpg	1k1xdkBEOOWqqTnQ.jpg	RtceqHqfV9daGF7p.jpg
236	3	2	2346	93510	6684000	tmips647ykfT7eIV.jpg	NVwbHhhc3Q8txI0i.jpg	hBidgTPFlaIdY448.jpg	69axnFYX9AYL4qQp.jpg
237	4	2.5	1662	94531	3958800	XtAzkU87r3bJ8Nji.jpg	b85hpfBYUynXzFLA.jpg	dV8xA6IyRnlVMbTz.jpg	mYVXz9YkKFtpokv7.jpg
238	5	3	3514	92880	7799880	XmrpvtmfmWPEb7JS.jpg	ZFD314z7f7HbG6LI.jpg	phZ9yIVutfd8EBRK.jpg	3OASCnMGfUclZkCC.jpg
239	4	2.5	2319	92021	8397600	JjdDqVs7jV2xeHNg.jpg	KUVGoNyS2FgleCYz.jpg	sqsriaDydJuAayZX.jpg	Qi5KZQTtCzPK5FP5.jpg
240	2	2	1171	92677	4678800	z16sPle5Dw1B5FYI.jpg	iD2YZ04L8Ktt5UPN.jpg	iGjNB0pH2pcTLtcE.jpg	rYslIUUOwvTrVyOf.jpg
241	3	3	1894	81524	5388000	Mex30tjPYPXnUanh.jpg	NRe7m6wx7dB0KOXl.jpg	IsXMtMtVLjhPMocm.jpg	p6PMIYkD81a5GcgG.jpg
242	2	2	1152	92276	1158000	L20gN74VtgMgaGwd.jpg	aUEzE9NtIJHL5H7l.jpg	gscZHLj8GgmtAM03.jpg	zZac35fLNtBwrRjo.jpg
243	2	2	1440	92276	1198800	ZYb5zRgNbkpFGYyy.jpg	7nA68YsWUNVQSZzf.jpg	09IxOgLfrlsMP1FY.jpg	GAQITYlPR1prbjy1.jpg
244	2	2	1440	92276	750000	W3DepP1UOlyIVlcF.jpg	SFLyt07eOKsjFUsr.jpg	kkPYxLpoyzNOFPb0.jpg	I5aG8taneukwaNFp.jpg
245	3	2	2153	98021	5220000	yx2ca0oRTKQXy1ay.jpg	5wgxmPEsIlp1LCVV.jpg	UUZKVv4BsGn93ecg.jpg	Kn03rAuayly9fhVw.jpg
246	4	4.5	3740	62249	4078800	Kz6dfal3b54gPl8u.jpg	WSFJUbRaAEnv4Axn.jpg	6ultWZTfkG5r2stk.jpg	j1ztbO22WRw7RPo3.jpg
247	4	1	9583	98021	4740000	k1QdlqrZSszVnr3j.jpg	t5ts7F6SsxysCW4O.jpg	hcD6F4Qs101ypl4h.jpg	QKZ0N0JZw4Hsvh9j.jpg
248	4	5	3834	92880	6360000	vejz3qHp1PaJCEWY.jpg	PyOcL9n50UmTPWFI.jpg	VcZTCZf9kWUt95dO.jpg	CdDvYoA9yOH5NWaE.jpg
249	2	2	1440	92276	1272000	TAjArJ8QfntyMu6U.jpg	64O7Vvl3GPRG0nDD.jpg	REM5EYHFNbj8S02n.jpg	T1GrkdVgZHKsyp6s.jpg
250	4	3.5	3426	91901	8148000	STI4DLmhDiuhXL96.jpg	hGHetoKQlFQiCTln.jpg	QZM6J79H0OpfTGVI.jpg	HXoCIqOWvMwBKFpH.jpg
251	3	2	2288	62214	2352000	MabNi3H2S8XKl96q.jpg	k51wpwuKSQbyMevI.jpg	GoRFdV7JYAZC1OVd.jpg	VgDJnnNTqpcAZ63d.jpg
252	5	4.5	4886	91901	17160000	NqfKVzg8Rf79icP3.jpg	wCzSmw1F1edrLs6x.jpg	lD20gloFh1gSvSSr.jpg	rXi3GQhbs7HBPmZ7.jpg
253	4	3	1765	94531	4198800	wghn1v0wjuqcSFx8.jpg	yCpDbs7QwguHrfQJ.jpg	MSMyneRnaggGqQd2.jpg	0tbH2REjJQX8aJiy.jpg
254	3	2	1472	93446	3719940	fD2kmrRAcb1Ktdjc.jpg	cCW2iuoHdoKovNkn.jpg	XqRcg9jdaSDuJ0NW.jpg	nMCG6v7b7EHfXbAT.jpg
255	2	1	960	92276	598800	r9StptJ9d9BDYQuN.jpg	Wwtwgrrxlkt9MvR4.jpg	V7pnOl0B9O4PHDJm.jpg	7ISjlSzNRG2qfLwM.jpg
256	6	5	4090	93510	10308000	uoLTnTlMb1xTIW4q.jpg	UdXy2CUwRkwHZ4Ae.jpg	odmcpja3PFWPZVF3.jpg	MJPP7xpPj1jDPcXf.jpg
257	2	2	1344	92276	1258800	S4mivboQb6y6aW2G.jpg	N2Bp2lddM9m4lAza.jpg	0SHghebtVaj0IeO0.jpg	n2w9HFsxPtA9K17v.jpg
258	2	2	1344	92276	810000	7OK5UXdmJLh6OYHS.jpg	Y2glBjIvbF64s67V.jpg	ybteNqcAVXZ9TYkd.jpg	fegwLUpDQAUlCY5c.jpg
259	3	2	1822	93446	6120000	ixMV5kHllvrydXLV.jpg	xYYlrRZQbi3NVVbP.jpg	E6NHieABv2dqtLAl.jpg	0bgEsP3rBIVbk2L9.jpg
260	5	4	3489	92677	19800000	dEsQgrVggr5obzgE.jpg	ibPy5DVMJYQ43a5S.jpg	RcN6AprIHunQfSW4.jpg	XrA8QR2DpzG6p48K.jpg
261	6	4	4311	92880	8033664	X3nOmkYRkj2Lh9pq.jpg	Qr3wj4NyNc9PIRFG.jpg	lcE6Eb3BET0hqkf2.jpg	B6iDqsTOHgm0bPM6.jpg
262	3	2	1413	94501	7428000	LmY82AkhqUNgc9sK.jpg	2UCyaRrqUwRLufrk.jpg	DJ0HHcQB49NcQ6TS.jpg	DJyV6JXMzNXllzVN.jpg
263	4	3	3706	91901	10176000	MVq38ChKLYGSxByb.jpg	jhOf0LvPDtTnlBJc.jpg	zOlNU5xDdomkNJqd.jpg	8ZOgLet6iewPadaJ.jpg
264	3	3	1905	92880	5376000	mNRrfFU2d6DFjxXr.jpg	79P8qSrsaVDJ9EKe.jpg	S6pJqRQm05J4K899.jpg	tjMq0OUivFlfSaAa.jpg
265	4	2	1797	93510	5400000	GtK0cRiZIcMEjKBk.jpg	7tVLiOdWR7enHNPQ.jpg	zHB7yFFbX5OejRb0.jpg	ZMXerSXN9srrbpAX.jpg
266	1	1.5	1440	92276	1050000	y5BTb9RLRdyZPfzm.jpg	TMhv1GZbnlYneMYD.jpg	I3fDL9zUsNLI1ASH.jpg	X8dpBDsopxNLCpk2.jpg
267	2	2	1716	93105	10740000	lqEJBNF7a9rMvEPi.jpg	j46TkdWYnYvo2SEO.jpg	r3U5wfntvJcQanky.jpg	hamkludygisz36KX.jpg
268	2	2	1152	92276	1198800	ZbrMZkFQjT59tjLp.jpg	4JhCWdqvH6jo3lpf.jpg	2yJhTWww1mTitaTi.jpg	OICZpG4pAZwRs2kB.jpg
269	4	2	1634	94501	10788000	19AAfruY1MnZPDy5.jpg	DdvblO7HhRl2JekR.jpg	osBP73rYAowYjGoS.jpg	LThvXFGr9mG0NxZx.jpg
270	4	3	2530	93924	13800000	abRR8iJdgqzBFA1z.jpg	22FyJ4RH0cv9CpIh.jpg	JkJZ4bBYWM7FKD8M.jpg	m70WVas2lF6TcJYz.jpg
271	4	4	4954	85262	15480000	26L9o87UzlaWwC5C.jpg	Eu1UtYqv4hAvBCiS.jpg	BxFIWA8itMhQrVjG.jpg	HiK7xpWxn3NcRnW3.jpg
272	4	3	2870	92880	5868000	afAJAlp7wQI4D50y.jpg	3aM9RcuNyT8NzQGA.jpg	LWELXE0ULMt8hEmK.jpg	AceCJzlit3JS389V.jpg
273	2	2	1578	92276	1164000	aMoq3GKzzpGD12F0.jpg	ZvExXzwLW5OEKaIo.jpg	4UJZjaobAckVCbah.jpg	R0qlZVUuBpURuXlZ.jpg
274	5	3	3767	92880	6804000	zaxS5nLtagl0Q55r.jpg	FdUQ0bWxA6WLGgna.jpg	ZFNScjHHiMoc62RS.jpg	Uwn3QngwzEKEfAm1.jpg
275	3	2	1382	92021	5158800	5CE7Vx5DgN4PI5yb.jpg	RkJ9sWsfcdAUVRO7.jpg	B5FmzDLo42gcqHmf.jpg	2B269lwr9VfOfqLT.jpg
276	3	2.5	2172	60002	2700000	O6Bkxjrak1ktOmOA.jpg	13gr6DTegZxSZS7P.jpg	yAWjlli0Om3MCBOp.jpg	Nep5Rmz9qQp36scV.jpg
277	3	2	1611	92021	6900000	HNBIrvrIIrqAM6kS.jpg	EhYZIjo6e8JHcSCQ.jpg	tMM1lE00sVNvXODg.jpg	LOGY4p22MFt54ehd.jpg
278	4	2	2160	93510	4608000	kpPue7MkFUyPKHVd.jpg	4ESShikmDy2zwDdH.jpg	ehWXCdkFWc7ICbWI.jpg	tgXd3uZ6pwQB93m3.jpg
279	5	5	3816	92880	7078800	fTAoGYTwas8LrFz0.jpg	DvQbX6659R9taeb1.jpg	gu1aRncJ9eF2hu9E.jpg	mLmehk5IZAVYylJX.jpg
280	2	2	1240	92276	1404000	9vEQ1TkXxlYjzJUB.jpg	wcyESznWc97g6JZc.jpg	nuVhF7vIY9Leau4j.jpg	lx1ihuc5s9prlawA.jpg
281	3	2	1248	93510	2880000	0xKhWsfrkl893Ikp.jpg	bjMUdQSOuJTMxUc3.jpg	pLfuVYtWYP0aKJUa.jpg	WV4zGRDW4qc2jDUn.jpg
282	5	4	3270	92880	6720000	lB8FyCpV234fRtxl.jpg	EP0oEW65Ka8qVN51.jpg	C4jEua9sB2UApspU.jpg	obev6xq6FYo0u9JC.jpg
283	3	2.5	2650	94531	5496000	xkB1ihMl7Zbgjlbv.jpg	zu8VdVhlwBBgzpzZ.jpg	X2ZAzw77yqRjJEtt.jpg	VLEMrnoaNirU9cXk.jpg
284	2	2	1380	92276	1500000	u0Ib9IEjrtRCOzlg.jpg	558xHOFl1bNP1l29.jpg	mYKaiz98IzlfbQD0.jpg	LjLd2K0lGFEdi7Vk.jpg
285	3	2	2034	81418	4980000	yeiUkA7ZOrbl8iIP.jpg	6xef6yG7t6izg2AI.jpg	e93V9ciDhzgvQJS4.jpg	9M3FC4MuRmSeedBf.jpg
286	3	3	2146	93446	5460000	57NqsNedD4Ay8IWm.jpg	z2tQhaRss4AyxiO4.jpg	z5dyopY6HYx6xgyx.jpg	u4sDsX5DgfgFFBJk.jpg
287	2	1.5	1056	94501	8868000	sr5VVxICJbEv9tAU.jpg	O4hKqqU5bW5aKgyA.jpg	W2JGJsXeGP1LUFb0.jpg	ysRl68Us1ZLOhSXP.jpg
288	4	2.5	2422	94531	5616000	GY8vosWOS9dsUOiK.jpg	s1QhSFOtHPXzkyu0.jpg	U7oynFd3i790NkZu.jpg	XfJxbR6rR6178dHT.jpg
289	2	2.5	1499	91901	6468000	dt6bv1Lmlu4bPDYz.jpg	AferZCIypWT2a36M.jpg	9bhuAMyHDJ0IgAyc.jpg	HG0Lc0SA5qUjsO6U.jpg
290	5	3.5	3778	91901	11388000	gEcX8a55BAbYzRPt.jpg	wL4XP5T9HC0OjbQj.jpg	RF229fFMfkajPY7e.jpg	sB7m0Z8jJ3Nj7hFr.jpg
291	3	1.5	1581	94501	10740000	ThFiczYscctS5DJJ.jpg	embAqPOLRd5uiZFL.jpg	buzeArk2jX5lQD50.jpg	coc42ZDUw2fmCpg1.jpg
292	3	2	1940	93446	6360000	p5ISB9Q2EVF2J3LU.jpg	PhaROj9NhHmFS3Nr.jpg	bTxUuMdKUjUi7HZd.jpg	QaiceUW7dJaxOMSz.jpg
293	3	2.5	2733	91901	8268000	SEymAlROvJcHVCzK.jpg	Fb1rV5QKaomCblq0.jpg	8STEEZiW1xMHriRl.jpg	xpOndpXhNOp0JbgX.jpg
294	3	2	1469	93446	3598800	csq0ubYsG7VjWkM2.jpg	4Y9pvtB7z8eCKsYQ.jpg	qwHqzjLYisVDiFFP.jpg	8fxDFj7fxVMH8Lkj.jpg
295	5	4	3743	94501	15540000	JSmKBWBnOtOox4Ht.jpg	pwHbGeVqqbAvEMqv.jpg	fUNygXLGxjrhqA8W.jpg	SjZULVLDXHsXgNGY.jpg
296	2	2	1820	92276	2700000	xLXkdvVqR5wc1Xha.jpg	nKIrC6gk4Uu9vT1B.jpg	aikhykLRVJ1RM3ji.jpg	iqIaZ9SSo6ECdn68.jpg
297	2	2	1940	92276	1554000	bXkFZRkWrfyPtmjQ.jpg	F7bpvMO7FbboAonA.jpg	LjZqjzX03TL0tFv9.jpg	vpYJAmICSvXJYyzt.jpg
298	3	2.5	2260	93510	5640000	DnA05awmA4uYdqHW.jpg	pUVyhfpii1yEAXjy.jpg	5Y4PMF95wOqXCQDI.jpg	P1wR1Joxqz7VB5MG.jpg
299	3	2	2971	93446	28740000	JxbZmGs8ok4HULEl.jpg	Y630A0ecnBxYPAAS.jpg	qy80ppOUEpC0pMsm.jpg	mWKTtQamvVGYHzgG.jpg
300	2	2	1152	92276	1662000	MLQuJAYvLwPsChWb.jpg	UHy7Lqz30YYXyDpT.jpg	B1I8ZOQ6h3BFldl1.jpg	EC1Fy7wS91Tcaa36.jpg
301	2	2	1368	92276	837600	aRryUxZDYUrHdMKy.jpg	y27fc2281mEzsZN3.jpg	m7Tex2UnmvRm5wF8.jpg	0AUhXW8PmPy0SRrJ.jpg
302	3	2	1594	81521	2578800	jRnjiXelNw68atiQ.jpg	DXkqblmJ0Gox2Jo3.jpg	ZjSI5H0TW0FUAcQu.jpg	Y9tZ4Lf8uCVw6ySR.jpg
303	2	2	1680	92276	834000	jdsnNxFQv5tdhpiW.jpg	970FVdMfuLgRtDzp.jpg	JZrsbo5b2uGCF9jd.jpg	pRzEGadOC5AQQiAO.jpg
304	2	2	1152	92276	1018800	kFNfGq7MZAdZX6Zq.jpg	6F6aHb1bqB6qHDN5.jpg	mESOzN2pO0EIjVFw.jpg	S0UNbAVwbzKxHzH0.jpg
305	4	3.5	2441	92677	10746000	i1zJNtAFAGNfY8Vl.jpg	zq3DFuxaMbzukDqA.jpg	3sVZqy1kldY5jpkW.jpg	STa5dq9qWigLPHhq.jpg
306	4	2.5	2699	93446	7548000	VLWnnh95mmEcsvmK.jpg	wy7Mfm58M6iX9Y2P.jpg	x12W3iy8pU6DUucy.jpg	cYI1ptMu13vilTuz.jpg
307	2	3	1280	92276	838800	PnOiHQ4PxJ2rceoP.jpg	O2k0u5X5MzsJeALx.jpg	0bX5VrgToKemV6GO.jpg	uRubFoPl8zu4Ilhg.jpg
308	4	2	1881	96019	2940000	Ry9Gfjb8zlknrhe4.jpg	2O1jeMZsdLcV4hyV.jpg	BPSs0LV3XsVMGCrU.jpg	BFVpspJLKfwziV59.jpg
309	2	2	1344	92276	1858800	22QTVUqgm7vsjbwF.jpg	edLD4Wjl7muxAFeh.jpg	0mf6U63ftlBQMk2D.jpg	71qhqWm7uxeggKYb.jpg
310	3	1.5	1400	95008	11988000	x5iyaT3TlEToghEo.jpg	cpk3myVzRhGbqgDN.jpg	mwWKTMXix86G5QHE.jpg	IC8fUV3pQLRWCVAy.jpg
311	3	3	2848	93510	6574800	II1vzjXOwb6FJfu4.jpg	sP5wtQF4XGU0gjHE.jpg	W1pI7N5QD3r2X0Mg.jpg	iBlJ8K9nFstRbmqd.jpg
312	3	2.5	1808	96019	2637600	iun33IZPO6SHGhfc.jpg	XSNbjoZOpd8cHHJT.jpg	ucVpZT79bqMc6qjQ.jpg	Y9DogQ959EEwJfOg.jpg
313	2	2	1640	92276	954000	3PjMtTz6elc9UO8x.jpg	eheX4VrIUKBJqdUj.jpg	t6TT8gZCZCyibSdL.jpg	6orKUB6XsOaZjYGy.jpg
314	3	2	1410	93446	3960000	DlogZkWe8HeTewj9.jpg	Kbpng7ZYS93Mr8E5.jpg	fifOBTfVs3Uvax5Q.jpg	hNvyCr1pzFhsXn2C.jpg
315	2	2	1248	92276	958800	trCoOlNbfY0bDzFo.jpg	9K5eXxrhDzLUe7Re.jpg	N7HYXZNo3v5foaTw.jpg	r2HOOfx0QbPYl9yr.jpg
316	3	4	4229	85255	20988000	Fuy5gmU4LzXVaAjG.jpg	2NrMwmYHVLLVq4rK.jpg	FwjEScn6YKnKSkns.jpg	TNliadlmGhD8UMl0.jpg
317	2	1	1100	92276	432000	6dAdotfnaMQzW3It.jpg	katvbMb6GBsRlss5.jpg	wogsQmiVDeuUcB7b.jpg	cUlgdH4cLbGi7dJR.jpg
318	4	4	3000	93446	17940000	zSiRejS2LEV1Mbzk.jpg	x9pNlKeEHBOF0qRZ.jpg	TXi3yxlrgzuZkgLA.jpg	oAjPVlRotgzzygyu.jpg
319	2	2	1248	92276	1380000	kQhQCcF1cuuoMfzR.jpg	0acyetixCXmfDCZQ.jpg	b5DdShtRpmxV2mPa.jpg	nSExWO13EY4N2HYW.jpg
320	4	3	2774	93510	7194000	EcOlKOopYcyv154W.jpg	6rBBAfSg1bw35TVQ.jpg	BDbNWMdQN698QaWT.jpg	fwEAyivCpUmFhmbh.jpg
321	3	3	2361	94501	11856000	UU7oOKQmaKU8tqLZ.jpg	hbf3nWjbCpW1Hv6i.jpg	6zcobd0p3JQBPh2y.jpg	TJY7wvjHZRQJAD6H.jpg
322	4	3	3141	92880	6359988	RqnUVvJq6YepoP5p.jpg	fsV9spqzKYvcYOVI.jpg	PLtqveybkkYgfqJf.jpg	GgbystxDquJnRWm7.jpg
323	3	2.5	1935	92802	8340000	17pJgwH4IyAS0OcX.jpg	Jnh8gBmMp3960KsE.jpg	5SRKyQ8NpJbP85JY.jpg	KYQpywx6OWRQpzqM.jpg
324	3	2	1440	92276	2038800	Qi2tvinru9GDtUTg.jpg	qA3LU1QeSCTXqs6H.jpg	o3ww2EjnopclYvOD.jpg	wxxiuYqr0jB8vnaP.jpg
325	2	2	1344	92276	1410000	f5dQZEe84QHVJrx6.jpg	sqShkqBwM7SAVptX.jpg	XIiio78TfnFFVm0q.jpg	ihlaQbNEWssFAWdj.jpg
326	4	3.5	9536	94531	5520000	eUpKCWh66t8h0PJQ.jpg	ENv9B7wFPh9edAD3.jpg	XQcobE02MtsR2Kxp.jpg	EI9rQsWgfTSCATew.jpg
327	4	2	1928	81524	4200000	v9AWxofbbxMJl8Dz.jpg	xCbDU69DqaLDPByN.jpg	Dky8E2WGx5YmhAhW.jpg	t8pX1Qkh1I80LWVO.jpg
328	5	3.5	3149	92880	6180000	1XgKcNeXcK6QK3li.jpg	kaV1SBqMlioU0bce.jpg	d3KPA7elvAE1nDEc.jpg	iW1oQ0l9IzfNxqxf.jpg
329	3	1.5	1581	94501	10740000	uAnwlDrbHxxw4PPl.jpg	GGaxJgH0bZe1Ks3o.jpg	3rHoZSLMn7zdYoWE.jpg	OMsR294Tg31o21Ia.jpg
330	2	2	1059	93510	5340000	dvyyEG2FtgTWLB5U.jpg	i2MdIIXdLrUAGCxk.jpg	H71rEIAcu964UJ3k.jpg	MCZAEKThVYtN41fY.jpg
331	2	2	1344	92276	1018800	wYo1mpHSZ7lCBoGD.jpg	dEv2pMeEp15TGi9O.jpg	CQxBWXn2ahjR8ODj.jpg	mT0OgZSk0tQBjXm3.jpg
332	7	4	3871	94531	6839400	YYePElru4CQ7EfTf.jpg	6t6OHrnkgIyn4TFL.jpg	v2VgVEtZgpT82vqj.jpg	I8qZlFE0eOMhS8FD.jpg
333	3	2	1306	96019	2878800	sheV6nQNDmQ3jzOm.jpg	m4Tt3m7FvqjdQsz9.jpg	mVR7z2HvWR9BEYrO.jpg	yjU4NzEbqC2CcfbH.jpg
334	2	2	2024	92276	2578800	V0HFulqEeCCtX11N.jpg	gNMArFOlNoJsJw4p.jpg	6wpzH2pnXufnhBk0.jpg	NmNnYQJ2V6fiilma.jpg
335	3	2.5	2295	90211	18000000	ABNzeZZBISnZQOQ2.jpg	M4hXjke7JZvmXIxL.jpg	t6zaeornL64xz8hZ.jpg	42jYgo9NVjmoClkO.jpg
336	4	2	2304	93111	17940000	as0pjf9qOrGbVkr6.jpg	BDWZonktT5qxLPrW.jpg	qy45t730AOecVXYC.jpg	TCCEuWrohc1H5MW2.jpg
337	4	3	3010	92880	6300000	kl1Zc7TSwHKOBxbo.jpg	1wyF3njpkxC1AhFk.jpg	jEcVmLM1LPTacwWe.jpg	QreXd79IHwLOqPmv.jpg
338	2	1	1320	93510	6240000	AYJRpFRqQasCAoW8.jpg	PLogAb3XJHyu3oTn.jpg	Qx78d98ag63pStFx.jpg	ApUsfLTAcZGTuSre.jpg
339	4	2.5	1580	95220	5700000	zFv1PjpMD9BsUMQR.jpg	mRTxdZLApxqaSQq6.jpg	uBPFf7VNafqP4H7g.jpg	cvLTf9J9a2QblvJ9.jpg
340	4	3	2504	81524	6000000	yXxwNU3XBQnSNwNa.jpg	zoyQ8LypeCZ2dJ5k.jpg	3qeaaQyIpPuyroCF.jpg	uuKrSfnh3m18SyNp.jpg
341	2	2	1344	92276	1558800	TmFyPPjUKI8t5gQw.jpg	GOmfO1KvAiEUYC0E.jpg	HEPbsJvZxUTc9hsY.jpg	QqPe9AzytinVF2N8.jpg
342	2	1	1134	94501	7188000	5ZqhzbapGi2AxizH.jpg	IxWK9xJLeXAQ07zs.jpg	7BgDtnR68FoVdqtA.jpg	5B6GSh1QQ0q7x3HI.jpg
343	3	3	2836	81524	6420000	G0hXz6UdfyQetekV.jpg	BUbWnTUZLEQ4Qa8q.jpg	jWRTTeNM27F2jH1f.jpg	6FnaY7lQayw0N2UV.jpg
344	3	3.5	4229	85255	20988000	f2pGEJJzY33hObsr.jpg	aIcWdgsPBZBQQ8gZ.jpg	JNN3VgjGODQmxviT.jpg	W39jJKqm5ruVVOPU.jpg
345	3	2.5	1819	92677	9585600	jbgy3kUdrTAuhL1J.jpg	NTHemMYgmrIus1oz.jpg	ouuZHI9U6SgcWZhS.jpg	eZNJ8hU5uxe3gLvT.jpg
346	6	4	3635	92880	7020000	VWBBjZ3QkYf8RVAT.jpg	G3lGeVYn3tLONprW.jpg	fE1uHcMjKQSgj5a5.jpg	xhFjhgYGtGPj5hJl.jpg
347	6	4	3375	92880	6456000	VDphVOtxiUyNDJSo.jpg	LjSb5yuEB5zf7lVL.jpg	ENYeDr0BvWaMhJrP.jpg	1ZuFBRDJLrBtJMOE.jpg
348	2	2	1344	92276	1074000	AFZF1vWeon6P64Ny.jpg	EhIdcVK0RokwF9O6.jpg	16nvIir9xdft0KFu.jpg	dRdg7aeK82FEiLqJ.jpg
349	5	3	3034	92880	6477600	OuIXpo8qdGpVWoTQ.jpg	CasSwRJr60N32oVj.jpg	8aGE0rYM552l50gW.jpg	ppc3ScnznghDZX21.jpg
350	4	4.5	3550	85262	11550000	w4CiQI5v0GdYkjsj.jpg	vrKVffhobMbXPfel.jpg	it1nTZAlk2O18Qmy.jpg	pDxpnESigqu2Y43P.jpg
351	2	3	1627	92253	6600000	8YskJdBXIfC96keY.jpg	PjHc2J7iQixcujVw.jpg	xVwp3POemc2SEzbd.jpg	JS3TReoJyHRDNWPc.jpg
352	4	4	2893	92880	6240000	0mL7Yf75dcT4Z7yA.jpg	Vplo8D2MQZfkhaCL.jpg	DnqVnfNOFrUlK8uv.jpg	aPAqtdZS8D0fuuG8.jpg
353	4	3	2287	90265	20340000	c7Mm7hp14lOxzsnt.jpg	dKbvQbdJo9QYzeNT.jpg	bLXBYeVzi0A8Lf6e.jpg	Urv4PAnYLEqLVdMs.jpg
354	2	1	839	92677	3899988	kpQo8aaKOOtvy0EM.jpg	cEiNg4rxbnaB7PIt.jpg	IMuveYPRZ2IJnN71.jpg	tKL0VcPanAMiV4yy.jpg
355	4	4	3030	93510	9108000	QwCLEPKBQRd6Grn8.jpg	BwyEzTkTmvMK0aqT.jpg	WBcbrCtwLak0jFmd.jpg	eG4JCvxUB2yMvjUC.jpg
356	3	2	2315	93510	5988000	WyAeqg1XfxrvvYyf.jpg	DsrL0saB4LSy8gQF.jpg	3o2KNRCD8sVydvy3.jpg	HZ7WxrBrnLZ99QpH.jpg
357	5	3.25	3149	92880	6180000	nbKZsVpqvNJhXrRQ.jpg	tNr2dqBcov4r9vKb.jpg	NGPR0agrzLC1BgKh.jpg	UXGmcYa5vQ7W6345.jpg
358	3	2	1397	92276	2388000	i4PuPPTZUxLgfTv5.jpg	xDCU3fWznatwfpie.jpg	tBaaJ5wDqA2Atb6R.jpg	YES6uEZidtCUDQVH.jpg
359	3	3	1937	91901	10740000	GBUCjY0NjDf8Sr5q.jpg	PbeYRMEgoKILMLTY.jpg	9D4Px9Ssj5qcvJYU.jpg	nPD00OGTAMupURXR.jpg
360	5	3	3188	92880	6810000	vR9cnXfhUCoOtC6U.jpg	fxosRBE4kRPG9bEi.jpg	Yo13bJMBmN43mrH0.jpg	Gry9b5QvFC14xWC0.jpg
361	4	4.5	4031	85262	16140000	PDNRSQhOrcalyqSx.jpg	NOlpEJkffX6iZaaf.jpg	rqNdYvkt37DC141B.jpg	Na7jc5K91empEroh.jpg
362	3	2.5	3233	62234	3108000	eSbfV6laetjIIn1d.jpg	SkLTtadEKtetlq0R.jpg	cAEpq0HTgjmjWvEK.jpg	EGQgM574XMp0qtGm.jpg
363	2	2	1440	92276	1006800	LfVvrJpfFjptj6zk.jpg	rZ6Qdats0NLlSweM.jpg	Lrgi9o2mMXV6p4E7.jpg	59pBiy2WLvnyZdDK.jpg
364	4	2.5	2620	91901	7428000	OjyFnsnm80GoBTqV.jpg	U2HhwU1J0aHDP9s7.jpg	5v4fGtTO1tyT6RGB.jpg	UJj3qlqKHKzBcTKZ.jpg
365	3	1.5	1364	94501	8748000	0FfHnIRP9cjNbDD2.jpg	9JZd1RWXo83rewuZ.jpg	UxjRv7pNiyS2Nc7v.jpg	rO9PbZwrJ1E2sEPv.jpg
366	3	3.5	3136	93111	25800000	OyBkzsXsaI4QamPP.jpg	PYTdXojwE3rYepAB.jpg	ke9lRAIn0dcoOPWQ.jpg	qCSo6SWFr46jzKwc.jpg
367	3	4.5	4228	85255	14748000	4sHWaAr4OlY1jeoD.jpg	KMRmb5tReOGBAzHV.jpg	m6YDSBod4j3zXQTf.jpg	XdqkADqlTcOd9M8W.jpg
368	3	3	2356	93510	8520000	W66VhZDxPnZHVF0X.jpg	mXTdJav5786iRa8r.jpg	6ebYTyZDDkqEoE0T.jpg	1xEQtCC0I9MI7Q12.jpg
369	5	3	2622	92880	6478800	Qcb0FwUeNU4tSW2m.jpg	GauF9gz3wg0f944J.jpg	WRd0IV0XQte1T5UU.jpg	pHGrGpKIkwZSuehH.jpg
370	3	2	2671	91901	6258000	kZP419d2yx4q9bT5.jpg	47WVwLNi5AnZZFKw.jpg	EQYnwN0zOVQIB6oE.jpg	Tnie2bMxUCCtcq7R.jpg
371	4	3	1882	92802	9900000	zCYbVYvYqqPbLd7G.jpg	GKyr9m6frMrbUkZP.jpg	Gx5NuFQzxy1QXfaK.jpg	Y0gWCwrMitcYPTmn.jpg
372	2	2	1440	92276	1018800	0bUB6tt2LTaqGcfE.jpg	uvMyABBDMMKkuhxc.jpg	yOIBRBR5mtlUDBWf.jpg	QEUAIVjaN1wBiIhV.jpg
373	2	1.5	1120	94501	5220000	lQkmNZrimXVQCV7e.jpg	7Tkjmnlx4i8j5HNR.jpg	DA4VKIqHmlEHwTJ8.jpg	CLEXQoXMBebimQsr.jpg
374	2	2	1248	92276	1242000	lk0zvVnA3dDzpjpj.jpg	W8cL0FHDwNPZ7kPZ.jpg	mOZpvsnShJAyYlmn.jpg	CDE6N1YmFb0xWnMP.jpg
375	4	4	3220	93510	8388000	lnwu6H9iEtrw2WZO.jpg	htLevoAZVCfrOrLV.jpg	8wowEE2xNeeSxAPq.jpg	x3JmsrnVgeWmarqs.jpg
376	3	2	1170	93446	2820000	kRQyDmZ4rD36HU3E.jpg	ZVXnmMnsCD4N8kIa.jpg	MvEQr9KIs17N1uQ8.jpg	l3ZSHUDaVLqRk57G.jpg
377	5	2	2544	93446	7188000	DL3CQhX6VLtHDyVJ.jpg	bhic61YorR0xEDEz.jpg	LRBTgtmy238qnUQB.jpg	YHpwy5G5fqKPajJg.jpg
378	3	1	1337	93510	4020000	t3fAdZKUknwaQ4Nj.jpg	8GRP8vTKnSUsWnxZ.jpg	tr5Vq4qS7TKFFMhe.jpg	iNTv3VeBGmE8TJq7.jpg
379	5	3.5	2879	94501	15932220	D2AsQd8wL2fdfhBM.jpg	Z7JshniRjvZaw8uF.jpg	XGvnOeBTXUnRf6ht.jpg	IIeafymulTozAGne.jpg
380	6	3.5	3615	92880	7764000	sLDHBMafGDcWY9bL.jpg	kjJ0Xp7MwelnNwPf.jpg	24O4YjvWlOFlzam1.jpg	VvvUxbVTf3GtdHor.jpg
381	4	3	1613	91901	8998800	7zc0PD0W3agnQt8k.jpg	6htnuRJswotbjMy0.jpg	IW4BOg43DbjSGjjG.jpg	xfvvPV75NA0JYYOS.jpg
382	3	2	1789	94501	10740000	Yr0zMEtaqPGdKvYm.jpg	TDl4fG1W4acymaJp.jpg	hBCv836CdKElslBi.jpg	9ngVIXsvFpONQAbY.jpg
383	2	2	1000	92276	1426800	0a85GtlddKghkOFG.jpg	neHJOnIvmYfoZQFT.jpg	HMIUoBALJwwpzDqV.jpg	93el1xi0CiXpD7l8.jpg
384	3	2	1826	93446	6348000	LQXLBISbPYMYy8Nx.jpg	5SegHnKpEBDoSr1t.jpg	znVqntxByiG0ckD7.jpg	LqtT9qSHxVaEyXnu.jpg
385	4	3.5	2090	93446	5988000	rA1fVLb7bTuQiZh3.jpg	1V28IbKFz9IqMXNk.jpg	8SydH0yKxNoas04l.jpg	KDw2crlJVX8k3TDm.jpg
386	2	2	1176	92276	1620000	iD9PR6GwNeneONOu.jpg	SvlAwJB5yK1iyf7u.jpg	ZkwTexF3FYGzxpLJ.jpg	IyK1HoeH1tlj4yAN.jpg
387	3	3	2522	93510	8460000	WB8QYHNPe4ENDZkR.jpg	WqUrWdt8q9RnS9CK.jpg	0XVUVFu4kFWYZ5fk.jpg	BA0sSiSKQcGnlcR5.jpg
388	3	2.5	1776	62034	2518800	iRJLtOlMO52mwtuw.jpg	dgAN6qatQOEH5UNQ.jpg	xImzidmY2wFsY3yx.jpg	TQ5vOernBHHb0jXW.jpg
389	4	4	4053	85255	10434000	FQoH8sYq3on37T7x.jpg	WozOeVeEQJ3HkE0O.jpg	8tMbmVqzTzNKCoKC.jpg	C1Fxf3ZIFIZXqF9N.jpg
390	4	4	3773	91752	6948000	lgqEsVDRTLWKzft1.jpg	0VWPs77uXeNWc6CL.jpg	wzDqaSWj2C00qyzp.jpg	9JYZRVWi5nCb4IIM.jpg
391	3	2	1404	93510	2340000	rIJv36OjthCYqunK.jpg	MKSn16M3uJbybnVT.jpg	EJqQhc7ncaBCtTP0.jpg	kiQRbftmRaHhKw6d.jpg
392	3	4.5	3893	85255	15528000	ebnfE6FUDK2YE2ab.jpg	4Cofdz2sld6WosCQ.jpg	MpYAhscPUu8iO2YA.jpg	a6VWV3sfSEJceWhW.jpg
393	2	2	1248	92276	1410000	v7iqTJYTn7yW6c4d.jpg	CHOuZrceizuWSUuS.jpg	Mv0zBHS10gDAGF3l.jpg	fsHTnIBVeIpL9ndF.jpg
394	3	4	3923	85266	10668000	OeRW1cSsmXLaIYgo.jpg	KHqpTJ8GFArHjn6w.jpg	K2XM2tmK6d5ZQVFy.jpg	6qIgH0u7Qxe0hm6m.jpg
395	3	2	1368	93111	7199988	30mNp3AkCVuGh4Pj.jpg	3a0rMTpUbOeRHAls.jpg	M4avKY0159gKK1xz.jpg	tszvjIw6smcUMntz.jpg
396	2	2	960	92276	958800	3m9pYCaIb2usjVk6.jpg	A9abTt0Gua81Hga8.jpg	eStVcVEoY6krFRy8.jpg	qyOCxGyEyiu6oRZm.jpg
397	3	2	1640	93446	5100000	l3awQ6dx9MMFlZRj.jpg	p9CgEqAnJA8z5Yf4.jpg	HzZ9d8RUKhoKIG6r.jpg	Pj87nXfBnvPVvQHc.jpg
398	2	1.5	1800	92276	1956000	je2BG4vr0Gx5i4O8.jpg	6dKMSpkxcySiGVav.jpg	nihcVAivosl2glge.jpg	6UFWWPhHZKyGzhJh.jpg
399	4	2.5	1794	94531	4560000	Rh3kXwKB419mOJFD.jpg	qnpXUxbIe2CrFyCO.jpg	zUAOJhCIiPvozmrx.jpg	R7fzRoeaPC3fmxvN.jpg
400	4	3	2118	93446	5878800	GIEq6miP1FbCGlMp.jpg	9rMZi6Hn38l2fSa0.jpg	7sSIAN5u11EDSBHe.jpg	m7W7xOJf3amYEKyZ.jpg
401	3	2.5	1950	92677	10740000	qntt6KGlGG9qjOwS.jpg	o9hQx9BQwYlwMXU1.jpg	LvDVDGdjrdDrhmiG.jpg	0Wx8v4tdypLxVgE0.jpg
402	2	2	1088	93446	3180000	pqeudwUYehk199Xp.jpg	oTke3IsE1IbYbCEQ.jpg	OdTkPZTWPEIdv7ZE.jpg	bmtHjwQOhf6SUvc9.jpg
403	5	5	4074	92880	6600000	MLA6O5XxZWwFz5rN.jpg	TPhURbcWDBHA2D6G.jpg	xebuVQXe9qsz6iTm.jpg	aLSG0eJOkxOMrPt4.jpg
404	2	2	1152	92276	1162800	EmkPQSNTf5fNrVvE.jpg	bJqmL7Etv6DM9K8x.jpg	LIv56MKCXNbfZDKL.jpg	t6kzt9s4mNPP1Rzm.jpg
405	5	2	2066	94531	4798800	4pCSZ8ddRvYM7p7r.jpg	zTowuuj66hqOkA8n.jpg	Pm9hfXgp5r7GtvUn.jpg	NxrkNlVxLgm7wYxd.jpg
406	2	2	1020	92276	514800	8mh3XuXluIua05kD.jpg	izsCeGEqo5OdimL7.jpg	pDHB8CpnjCNYBjtR.jpg	guT6QkFmn9catLR0.jpg
407	3	3	1825	92677	8220000	dwqiCEdssgQ7sFv1.jpg	mcpU8ORyNuX95NPb.jpg	dXmfkUsvMRGeRmO2.jpg	7sU9XfG1HEdxHSsc.jpg
408	4	3	2570	92880	6120000	WvpmXXvlU1QRcMoi.jpg	2BiZErDjIT2P4aGV.jpg	HCjqVHoV4IeXmBIh.jpg	n9NCGO6tu2IwhiyJ.jpg
409	3	2	1372	96019	2136000	MIlWMcoP22K16hwH.jpg	9jVJmZ9pXXTajbk2.jpg	UZ4aexJuEdS7z1ko.jpg	LSR4eOtZG4npOipA.jpg
410	5	4.5	4874	91901	17988000	Z5MTbFuVamZ7lVII.jpg	DdTgZXTJIPnD0DIa.jpg	a7ZtPA2ikfIroacp.jpg	7ePgMoaOLTZ3a7vn.jpg
411	4	3	2951	92880	6599988	2zqZ2Ph0kdU7tixG.jpg	3HFzQdhnF7ry8CYv.jpg	or7cXKAeYYqvJ2uF.jpg	NgaKeHejLgunTo1a.jpg
412	3	2	1248	92276	1674000	Ti4pPFDNhQ0WCdlm.jpg	0yayDksFVW9Z9HnU.jpg	RZ6PSKqwDtMswCgs.jpg	C0dgShl3cM1usZ9u.jpg
413	2	2	1930	92276	1978800	LY3Sn3a8ElQCRP4T.jpg	dn2nT716Yy8SbmdY.jpg	yAJ2Q1hgVxRAz3Qr.jpg	eX6yE8cRE5C8ajfS.jpg
414	3	2	1235	92677	5638800	ZfVMKv8OkGJMkM4a.jpg	T58CLeVAwrej7w3u.jpg	zN0zC979itofMOZV.jpg	cKQcd6C5JF7WpgJS.jpg
415	4	3	1606	92802	10200000	GwA6dtrLDGDSribN.jpg	QOVXCZG0gcgbaMS1.jpg	xqjPiYmRSNnPqWnM.jpg	JgHW2QI5nKC4J74Y.jpg
416	3	2	1706	91901	6348000	n2Ja70rYahkOi6PW.jpg	0K43WozriUB7KMGd.jpg	rS1yMPHnyChAhI6w.jpg	x0S3bE3EgusaeQCR.jpg
417	2	2	1152	92276	898800	tvppPgZAJbWtfVjn.jpg	9BXA5Cspv2H7mHbl.jpg	HQNqJ66afPy834oB.jpg	DavbpBKWA0FUG0Zs.jpg
418	5	5	4829	85266	6230400	vPlP1xroQB0UrhVO.jpg	wywSPtFFZckxOzi5.jpg	1o85wi2hgrCe5pij.jpg	mYa40j7P9ptR8Ypb.jpg
419	3	2	1560	96019	21540000	NfG9Dp1ZjULmFsxK.jpg	Bfz6aqDHT0o85Mjh.jpg	8b6HnnKnPGyrp3sP.jpg	8oFrw4IK53xhwUyg.jpg
420	2	1	1000	92276	804000	PozbM3wNX1AX8LdQ.jpg	oixVP7Szc8kmzzjJ.jpg	Xq4kAjzfWtBn3sF9.jpg	EE62dwBSWbkmTVwC.jpg
421	3	3	2808	93510	7199988	blpBSQWB9fONB9r3.jpg	rzd8bnA9kjsgU1A7.jpg	5IK1AndPUnUTa92B.jpg	T4qp5R0kP3z8lJkK.jpg
422	2	2	1440	92276	1170000	DCOm8PTqXW00JjmI.jpg	9A46yzHCinvKaVg0.jpg	TfooIXULTUORfDDb.jpg	W64W7XCTCSLOgEN5.jpg
423	5	3	2533	94565	6480000	MFoBnRMgWU2UTvnx.jpg	qrPFJYCgtHDdqH8U.jpg	C0bAyNuFHBKmzsfq.jpg	qXtSiNTaecaDwXAF.jpg
424	4	3	2579	92880	6240000	eawPqOOPTb4B5ELo.jpg	LBw9oipjclYDlb5S.jpg	WXoNGujOpWoGJryu.jpg	W7AMK9yJBMz1x8NE.jpg
425	3	2.5	1655	92677	7798800	l6GY7LGPZaRdsA7I.jpg	1C2qh2YBhuteqCAo.jpg	BCrQdmiksxesvqe1.jpg	S4KIPYrCqdwUoWCs.jpg
426	2	2	1005	91901	2950800	JjwHeBVDEW92HSlq.jpg	UYpjUC88ow4zxAkx.jpg	7yJbkj8oq3hrjNRI.jpg	yMWZOoxJOy1iewPD.jpg
427	4	3	2174	81524	5278800	cZAObKknRNFVVs0g.jpg	seei1qHfZMNGdyhT.jpg	4vyZOHhyKwNXaQg8.jpg	h5nsNDWLiZmkq3m3.jpg
428	4	2.5	2020	94501	9900000	NMiIZZ4z0zf5qb43.jpg	4E1QUr8uNrCoIw0r.jpg	vRIJ33YzZ7rEN1nh.jpg	f2y6Q5eEhsRSoAIL.jpg
429	3	2	2752	93510	6840000	mMdb8UsmPr7dKH2p.jpg	Uggo9PYdpA6u18Co.jpg	N0146R1ZJJ5Ws4sX.jpg	Sgb5XPIHIj65NURw.jpg
430	4	4	4042	91901	9228000	RberlMQTIQ0BLU8O.jpg	HdVnTDGG2GHiw33q.jpg	tH26sTpBGHVRPF6E.jpg	AMY1cibuq8YJpQeW.jpg
431	2	1	834	94501	6588000	UxZfqkpqxjRvL6TV.jpg	Z5BHfph5bNOCpOz1.jpg	C3HLglnfHHa0mcod.jpg	GztdFasozPiYFQe1.jpg
432	4	4.5	4038	92677	21540000	AKZHzSI9Ib7JOe0J.jpg	n4EFTMZW6szd10ZU.jpg	UuRbleN7HD2perU5.jpg	pbBYl9xHE7PWkFdx.jpg
433	3	2.5	2248	92677	14388000	5oRMQjDbgi3WMiKd.jpg	cKtD14WkuTJq9MbB.jpg	9oMBj0dOj9TPvwPB.jpg	vwI1sTklFlxHgSdh.jpg
434	3	2	1932	93510	3718800	qo6FFRZwGees1nFQ.jpg	e5m40MNWp5qRXocM.jpg	qaZqCScp1A0QV4JB.jpg	S4oZfztbB9ykjN8I.jpg
435	2	2	1512	92276	1186800	YvDWrgDeEjgVebfH.jpg	8A9WAwxcox0MUhaN.jpg	3Zzo7dgZH9dsJN1F.jpg	Q0INMSLXDfLQS0kG.jpg
436	2	1	780	92276	814800	QgEJ7b08amatVdZJ.jpg	sn1072VIOarvNjeT.jpg	72Ut3lA51pPVdfeR.jpg	aFt3bpxICNiEtG7C.jpg
437	2	2	1152	92276	1170000	H3AeBmgK32sCmB2e.jpg	0R6AdJ6cr77qBura.jpg	1mMJASZHbBPTnCG1.jpg	0TgMDIWJFsaCDt0f.jpg
438	2	2	1486	92276	1848000	IRLyiYhynqaWfN3F.jpg	e5j6nONKKXr0xzJW.jpg	IREQ9ohCY1gx57mR.jpg	rHndMfn6u7RlmFu0.jpg
439	3	2.5	2750	62234	2634000	XnFAu2R14NPX5drw.jpg	2cn7pvwHPmxOnw67.jpg	IbyH4k5kdCWwisDg.jpg	oTlu84D1ILSSwCET.jpg
440	4	3	3099	92880	6238800	5UKz5q6SyFQpbUtp.jpg	DjnDf1ZArIHM27Em.jpg	AXnZP36zAoRoWv9q.jpg	EDEzqiooH0R4jBIf.jpg
441	3	2.5	1554	92802	4918800	mfsGUYrUAS32n1MJ.jpg	ceEUP9VW5gMRCzH6.jpg	iTSUthFxPsZLN3US.jpg	yTAL7BEKlSQAoWMK.jpg
442	5	3	3340	92880	6419724	k6cP42hhur6MzQbM.jpg	G0y0ikaXcz8YsyNb.jpg	WIrAzecSfRdNc4Aa.jpg	THoJlUtzQ4cUqjka.jpg
443	3	2	1475	93111	9228000	ITOqcB9wFxnAGkfa.jpg	iypgVTDiPldQ9yDK.jpg	0VfEsLjwZagO01gZ.jpg	fCdxdjsY8gUCRXf7.jpg
444	3	2	2160	93510	4918800	1ID6VKej2w8qr6ZA.jpg	uxOoS6YEAsj21rXJ.jpg	jJpRBdgJojr0dCXi.jpg	vQJZJxhnaDSCLPBB.jpg
445	3	2	1200	60016	2698800	0i68DiqUiSDX8Va5.jpg	q6vOw633XckCQBZ6.jpg	2XLg1dPL3dOhN9FS.jpg	Xsgz4xh4L0RVbyFX.jpg
446	3	2	1705	93446	5994000	vc8GT2FkBFD7GaHk.jpg	AiW0RUwJ2kxcyiCy.jpg	PBMnSpARLqpwqErZ.jpg	R6hEqnpD5QD9yA7u.jpg
447	3	2	1368	92276	2316000	Tzk8QxEbh3cT39vF.jpg	YZ83zgr59sy6Ce7g.jpg	yvqyDs4kYJOFblGo.jpg	wUKpXAjONCG5mZ92.jpg
448	4	3	2506	94531	5399400	YLXxb99gj58dOKa1.jpg	52gCljGbRdybHAr2.jpg	h3c1R9sS1XsCF35C.jpg	O2Ywr2ZHUjk8jMrC.jpg
449	2	2	1544	92276	1498800	uXrsbN2OYoiuPvf5.jpg	ZU7YQCSndtJrrUFC.jpg	Gl3NpD7RR0nQPN1S.jpg	aIPSHkUAxAi6jsLu.jpg
450	3	3.5	2873	85262	20340000	SQdBUhbpUHK3XWg4.jpg	8Zm5cwewJRfecKCV.jpg	zB21SXJPDcAtEIQz.jpg	UDwZxAkrqohU97Gb.jpg
